,data,target
0,"[[198 197 197 ..., 194 192 197]
 [196 192 193 ..., 195 193 196]
 [193 187 189 ..., 195 194 191]
 ..., 
 [173 182 184 ..., 187 185 186]
 [187 192 192 ..., 185 183 187]
 [188 191 190 ..., 186 183 186]]",two
1,"[[197 195 192 ..., 206 203 202]
 [201 196 191 ..., 201 202 203]
 [202 198 192 ..., 194 199 202]
 ..., 
 [182 190 195 ..., 184 187 188]
 [181 188 191 ..., 182 187 187]
 [192 196 197 ..., 188 198 196]]",two
2,"[[193 189 185 ..., 198 195 188]
 [191 189 185 ..., 197 190 181]
 [189 188 182 ..., 197 188 177]
 ..., 
 [191 191 190 ..., 204 202 200]
 [193 193 195 ..., 196 199 202]
 [189 189 195 ..., 196 198 202]]",two
3,"[[195 194 195 ..., 200 200 195]
 [193 196 198 ..., 196 194 192]
 [192 195 198 ..., 199 198 196]
 ..., 
 [191 189 187 ..., 188 185 182]
 [192 192 191 ..., 196 194 193]
 [194 196 196 ..., 201 200 199]]",two
4,"[[190 194 198 ..., 200 197 192]
 [189 190 194 ..., 200 196 193]
 [189 188 191 ..., 198 194 193]
 ..., 
 [179 184 187 ..., 199 198 193]
 [181 184 188 ..., 193 191 191]
 [182 181 184 ..., 188 186 189]]",two
5,"[[198 197 195 ..., 194 191 189]
 [198 200 197 ..., 194 191 190]
 [197 196 200 ..., 190 194 198]
 ..., 
 [188 183 178 ..., 198 193 188]
 [189 182 177 ..., 194 191 190]
 [186 185 181 ..., 196 195 195]]",two
6,"[[198 195 194 ..., 196 196 201]
 [198 199 198 ..., 201 202 209]
 [195 198 198 ..., 205 206 212]
 ..., 
 [187 176 166 ..., 184 189 192]
 [185 168 158 ..., 182 188 192]
 [181 176 164 ..., 176 180 188]]",two
7,"[[199 200 203 ..., 198 197 195]
 [197 201 203 ..., 199 200 201]
 [198 201 201 ..., 199 201 201]
 ..., 
 [185 186 194 ..., 194 190 186]
 [182 184 193 ..., 189 186 183]
 [179 183 191 ..., 182 180 178]]",two
8,"[[198 196 193 ..., 207 207 209]
 [198 196 194 ..., 205 205 207]
 [198 197 195 ..., 202 202 203]
 ..., 
 [196 194 192 ..., 188 184 182]
 [199 196 191 ..., 184 180 178]
 [201 197 192 ..., 181 178 177]]",two
9,"[[193 195 194 ..., 203 200 197]
 [193 192 191 ..., 202 205 207]
 [188 188 192 ..., 200 201 202]
 ..., 
 [189 192 193 ..., 172 180 192]
 [190 195 192 ..., 178 185 194]
 [192 197 193 ..., 177 179 185]]",two
10,"[[196 199 200 ..., 195 194 195]
 [200 204 205 ..., 190 190 191]
 [201 206 205 ..., 193 194 196]
 ..., 
 [191 192 195 ..., 187 185 186]
 [190 194 200 ..., 183 182 184]
 [193 194 197 ..., 181 182 184]]",two
11,"[[204 206 208 ..., 206 202 203]
 [197 202 210 ..., 211 206 205]
 [190 194 205 ..., 213 208 206]
 ..., 
 [187 188 189 ..., 199 195 193]
 [181 184 188 ..., 202 199 197]
 [177 184 192 ..., 204 201 200]]",two
12,"[[196 197 193 ..., 199 201 204]
 [198 198 194 ..., 201 203 205]
 [196 196 193 ..., 202 204 206]
 ..., 
 [191 191 193 ..., 186 191 192]
 [193 195 199 ..., 190 193 195]
 [194 196 200 ..., 196 195 198]]",two
13,"[[207 205 203 ..., 199 198 198]
 [207 205 204 ..., 197 195 199]
 [207 205 204 ..., 197 195 198]
 ..., 
 [194 193 194 ..., 203 204 205]
 [198 192 194 ..., 202 203 200]
 [203 197 198 ..., 203 205 202]]",two
14,"[[197 192 193 ..., 203 200 202]
 [199 193 194 ..., 202 198 202]
 [201 197 198 ..., 208 206 204]
 ..., 
 [204 205 205 ..., 189 188 197]
 [199 200 201 ..., 197 195 199]
 [200 196 199 ..., 198 194 194]]",two
15,"[[202 204 206 ..., 205 213 211]
 [207 208 207 ..., 201 211 209]
 [208 209 208 ..., 199 208 206]
 ..., 
 [194 194 194 ..., 189 190 189]
 [195 195 195 ..., 189 193 190]
 [196 196 196 ..., 193 195 191]]",two
16,"[[206 197 198 ..., 202 200 195]
 [201 196 195 ..., 197 195 192]
 [188 195 192 ..., 194 191 191]
 ..., 
 [186 191 190 ..., 202 206 205]
 [183 190 188 ..., 199 204 200]
 [180 186 186 ..., 197 195 196]]",two
17,"[[196 197 196 ..., 200 195 203]
 [197 200 198 ..., 200 197 199]
 [197 198 196 ..., 201 200 196]
 ..., 
 [195 191 192 ..., 201 201 208]
 [194 188 189 ..., 201 201 208]
 [195 191 191 ..., 200 200 207]]",two
18,"[[205 207 205 ..., 203 202 201]
 [202 202 200 ..., 204 202 200]
 [195 191 196 ..., 203 202 202]
 ..., 
 [200 204 195 ..., 192 191 191]
 [204 209 198 ..., 193 193 193]
 [204 209 200 ..., 197 199 200]]",two
19,"[[201 200 201 ..., 191 189 186]
 [203 193 196 ..., 193 192 186]
 [197 202 204 ..., 190 188 186]
 ..., 
 [196 203 199 ..., 189 192 189]
 [199 203 199 ..., 191 193 192]
 [199 200 197 ..., 191 193 196]]",two
20,"[[187 189 191 ..., 186 180 179]
 [189 192 193 ..., 190 185 182]
 [191 193 194 ..., 194 193 189]
 ..., 
 [201 201 201 ..., 195 196 197]
 [197 197 196 ..., 191 192 192]
 [197 196 196 ..., 196 195 195]]",two
21,"[[180 182 184 ..., 198 198 195]
 [183 185 186 ..., 197 196 195]
 [186 188 189 ..., 196 196 195]
 ..., 
 [196 192 195 ..., 198 198 199]
 [195 190 192 ..., 198 199 200]
 [198 198 199 ..., 193 195 198]]",two
22,"[[215 211 209 ..., 180 183 183]
 [210 209 208 ..., 185 186 188]
 [209 207 205 ..., 187 190 192]
 ..., 
 [200 196 193 ..., 198 198 193]
 [203 199 195 ..., 204 201 198]
 [206 201 197 ..., 205 196 198]]",two
23,"[[201 200 200 ..., 202 201 195]
 [198 197 198 ..., 207 208 203]
 [194 193 195 ..., 208 210 206]
 ..., 
 [192 192 192 ..., 203 199 198]
 [192 192 193 ..., 205 200 197]
 [200 200 196 ..., 202 198 194]]",two
24,"[[196 197 197 ..., 199 201 203]
 [198 198 197 ..., 201 202 202]
 [200 199 198 ..., 199 200 201]
 ..., 
 [189 191 193 ..., 197 195 194]
 [188 192 195 ..., 199 198 197]
 [190 194 198 ..., 201 200 199]]",two
25,"[[195 198 200 ..., 203 205 208]
 [192 193 193 ..., 207 209 210]
 [193 190 189 ..., 209 210 209]
 ..., 
 [199 196 197 ..., 198 211 213]
 [202 199 198 ..., 204 211 209]
 [201 199 198 ..., 205 208 210]]",two
26,"[[201 199 200 ..., 206 204 203]
 [201 199 199 ..., 205 206 204]
 [199 198 198 ..., 205 206 204]
 ..., 
 [200 205 206 ..., 198 200 198]
 [209 206 201 ..., 197 198 196]
 [212 205 198 ..., 198 199 196]]",two
27,"[[193 196 197 ..., 196 193 192]
 [186 189 192 ..., 197 194 193]
 [187 190 194 ..., 198 196 197]
 ..., 
 [206 206 202 ..., 200 201 197]
 [203 202 200 ..., 199 199 198]
 [203 201 200 ..., 200 201 200]]",two
28,"[[182 188 188 ..., 193 192 196]
 [183 185 186 ..., 201 201 203]
 [185 182 183 ..., 203 205 205]
 ..., 
 [197 195 196 ..., 183 184 184]
 [198 196 197 ..., 186 185 184]
 [199 198 198 ..., 188 185 184]]",two
29,"[[188 192 193 ..., 196 198 197]
 [185 191 193 ..., 201 205 201]
 [187 190 191 ..., 199 200 194]
 ..., 
 [186 177 184 ..., 200 202 201]
 [185 184 188 ..., 200 200 198]
 [192 186 190 ..., 203 204 198]]",two
30,"[[202 200 205 ..., 202 203 206]
 [206 205 206 ..., 201 200 203]
 [208 208 206 ..., 200 198 201]
 ..., 
 [197 195 197 ..., 194 193 195]
 [197 194 196 ..., 195 193 197]
 [193 190 195 ..., 195 194 199]]",two
31,"[[197 195 194 ..., 201 203 204]
 [199 198 196 ..., 207 210 211]
 [201 202 198 ..., 204 206 207]
 ..., 
 [186 187 192 ..., 200 201 199]
 [185 185 190 ..., 203 201 197]
 [188 187 190 ..., 201 199 194]]",two
32,"[[199 198 197 ..., 205 204 203]
 [199 199 198 ..., 205 204 203]
 [200 199 198 ..., 205 205 205]
 ..., 
 [200 200 201 ..., 201 195 193]
 [197 198 199 ..., 208 203 200]
 [193 195 196 ..., 210 206 203]]",two
33,"[[191 188 191 ..., 177 189 196]
 [193 198 208 ..., 193 194 194]
 [192 196 204 ..., 197 197 197]
 ..., 
 [203 203 201 ..., 196 195 195]
 [198 201 202 ..., 200 200 199]
 [196 199 202 ..., 204 203 202]]",two
34,"[[208 201 201 ..., 197 199 205]
 [205 202 200 ..., 197 198 203]
 [200 204 201 ..., 199 200 200]
 ..., 
 [192 190 191 ..., 200 201 201]
 [192 185 186 ..., 198 200 200]
 [189 178 180 ..., 195 197 196]]",two
35,"[[196 196 194 ..., 203 196 192]
 [198 198 197 ..., 207 203 201]
 [202 203 202 ..., 210 212 212]
 ..., 
 [201 201 198 ..., 201 202 203]
 [200 202 199 ..., 200 201 202]
 [201 202 202 ..., 193 198 203]]",two
36,"[[205 208 209 ..., 205 204 206]
 [204 206 207 ..., 203 203 205]
 [204 204 204 ..., 201 201 204]
 ..., 
 [204 204 202 ..., 202 201 200]
 [202 201 197 ..., 204 203 202]
 [201 198 194 ..., 204 204 203]]",two
37,"[[208 207 206 ..., 202 202 203]
 [209 209 206 ..., 200 200 201]
 [206 208 205 ..., 198 198 199]
 ..., 
 [202 208 208 ..., 192 192 192]
 [208 210 208 ..., 195 194 193]
 [206 205 205 ..., 203 201 198]]",two
38,"[[201 203 204 ..., 205 196 198]
 [203 205 205 ..., 209 198 201]
 [210 207 203 ..., 205 204 205]
 ..., 
 [193 192 191 ..., 204 202 203]
 [190 197 203 ..., 206 199 201]
 [193 197 200 ..., 208 203 205]]",two
39,"[[193 190 195 ..., 202 202 203]
 [195 192 194 ..., 203 204 205]
 [200 198 197 ..., 203 204 206]
 ..., 
 [172 178 186 ..., 196 199 196]
 [178 182 191 ..., 192 190 187]
 [187 188 194 ..., 192 189 186]]",two
40,"[[185 188 191 ..., 173 182 183]
 [187 192 196 ..., 187 196 195]
 [185 190 194 ..., 187 191 192]
 ..., 
 [201 204 203 ..., 194 188 178]
 [201 204 204 ..., 198 196 188]
 [202 204 205 ..., 201 202 197]]",two
41,"[[188 190 192 ..., 189 191 191]
 [189 191 193 ..., 191 192 193]
 [190 192 193 ..., 193 195 197]
 ..., 
 [202 203 205 ..., 209 209 207]
 [202 202 204 ..., 207 208 207]
 [201 199 201 ..., 206 206 206]]",two
42,"[[198 192 191 ..., 191 189 189]
 [199 193 191 ..., 198 195 191]
 [201 195 190 ..., 200 195 190]
 ..., 
 [199 196 194 ..., 193 194 196]
 [199 198 193 ..., 196 200 204]
 [199 198 196 ..., 199 200 202]]",two
43,"[[192 190 189 ..., 195 194 194]
 [193 193 192 ..., 198 199 198]
 [195 198 195 ..., 199 201 203]
 ..., 
 [199 202 201 ..., 184 183 188]
 [195 203 202 ..., 195 193 194]
 [206 204 201 ..., 198 199 203]]",two
44,"[[189 188 200 ..., 192 189 187]
 [188 189 201 ..., 189 188 188]
 [190 191 190 ..., 190 190 190]
 ..., 
 [207 207 205 ..., 185 182 181]
 [204 204 203 ..., 183 180 179]
 [203 204 201 ..., 187 186 185]]",two
45,"[[188 192 194 ..., 193 200 202]
 [186 189 190 ..., 192 201 203]
 [186 184 180 ..., 192 196 199]
 ..., 
 [196 199 201 ..., 200 195 190]
 [193 197 200 ..., 199 198 193]
 [191 195 200 ..., 195 200 197]]",two
46,"[[175 178 184 ..., 188 185 181]
 [180 181 183 ..., 188 184 178]
 [185 184 184 ..., 190 184 179]
 ..., 
 [205 203 205 ..., 195 195 192]
 [202 201 204 ..., 199 198 196]
 [205 203 206 ..., 199 199 199]]",two
47,"[[195 194 193 ..., 190 184 183]
 [198 194 191 ..., 189 184 184]
 [201 196 192 ..., 188 186 185]
 ..., 
 [201 200 200 ..., 203 204 204]
 [202 202 201 ..., 204 203 201]
 [203 203 202 ..., 205 203 201]]",two
48,"[[193 192 191 ..., 190 186 186]
 [188 189 191 ..., 190 186 186]
 [191 194 199 ..., 194 191 190]
 ..., 
 [200 202 202 ..., 200 199 199]
 [197 199 199 ..., 198 196 194]
 [195 197 198 ..., 194 194 196]]",two
49,"[[186 185 184 ..., 190 189 188]
 [186 184 183 ..., 191 190 189]
 [181 184 185 ..., 192 191 189]
 ..., 
 [199 199 196 ..., 210 211 208]
 [198 199 197 ..., 210 210 207]
 [197 198 196 ..., 205 206 206]]",two
50,"[[197 190 187 ..., 189 191 182]
 [199 193 190 ..., 186 192 185]
 [192 197 191 ..., 182 185 186]
 ..., 
 [191 182 185 ..., 197 199 203]
 [191 177 184 ..., 195 199 204]
 [195 177 180 ..., 199 203 198]]",five
51,"[[187 195 189 ..., 193 196 198]
 [195 195 194 ..., 192 187 187]
 [191 190 189 ..., 195 193 196]
 ..., 
 [192 194 193 ..., 202 204 203]
 [197 200 199 ..., 198 202 203]
 [200 202 202 ..., 196 202 204]]",five
52,"[[190 193 191 ..., 197 199 199]
 [190 189 191 ..., 193 192 191]
 [188 185 188 ..., 193 191 189]
 ..., 
 [159 157 168 ..., 203 201 199]
 [162 163 175 ..., 203 205 206]
 [174 179 183 ..., 206 209 213]]",five
53,"[[184 185 189 ..., 199 198 197]
 [184 185 191 ..., 193 194 194]
 [184 187 192 ..., 190 192 193]
 ..., 
 [181 182 185 ..., 202 203 197]
 [194 192 194 ..., 201 201 194]
 [201 197 197 ..., 200 199 191]]",five
54,"[[192 196 197 ..., 191 189 192]
 [194 196 197 ..., 191 190 190]
 [193 193 193 ..., 192 198 193]
 ..., 
 [208 209 203 ..., 204 210 208]
 [208 208 203 ..., 203 209 208]
 [207 206 200 ..., 204 205 205]]",five
55,"[[189 193 198 ..., 186 190 194]
 [188 192 196 ..., 185 189 194]
 [193 198 199 ..., 185 191 195]
 ..., 
 [195 193 191 ..., 176 176 176]
 [194 192 192 ..., 182 185 187]
 [194 193 193 ..., 192 194 197]]",five
56,"[[174 173 173 ..., 185 176 179]
 [166 164 163 ..., 190 183 187]
 [161 162 171 ..., 191 187 187]
 ..., 
 [196 192 189 ..., 182 185 176]
 [188 185 188 ..., 166 175 181]
 [181 180 186 ..., 167 177 184]]",five
57,"[[180 184 185 ..., 184 185 186]
 [190 193 196 ..., 190 186 181]
 [198 204 204 ..., 197 197 195]
 ..., 
 [170 175 176 ..., 170 166 161]
 [178 183 179 ..., 166 160 152]
 [196 198 197 ..., 175 163 151]]",five
58,"[[197 196 195 ..., 199 198 196]
 [194 194 192 ..., 198 196 194]
 [185 186 182 ..., 187 185 183]
 ..., 
 [175 170 162 ..., 194 190 186]
 [177 169 151 ..., 191 188 185]
 [166 161 147 ..., 187 185 182]]",five
59,"[[195 195 195 ..., 199 193 189]
 [193 193 192 ..., 199 194 190]
 [192 192 191 ..., 198 196 193]
 ..., 
 [195 198 198 ..., 196 201 202]
 [196 199 198 ..., 200 204 205]
 [195 196 197 ..., 195 202 205]]",five
60,"[[200 202 205 ..., 197 205 204]
 [206 205 203 ..., 198 202 206]
 [203 201 198 ..., 198 203 206]
 ..., 
 [198 196 194 ..., 189 190 190]
 [200 198 196 ..., 191 191 190]
 [199 197 194 ..., 195 193 191]]",five
61,"[[201 201 203 ..., 188 186 185]
 [198 200 200 ..., 191 187 183]
 [196 196 189 ..., 197 192 186]
 ..., 
 [189 178 175 ..., 183 181 181]
 [187 178 174 ..., 190 185 181]
 [187 181 182 ..., 186 186 187]]",five
62,"[[193 183 180 ..., 197 204 201]
 [193 190 191 ..., 192 201 199]
 [189 192 201 ..., 200 199 198]
 ..., 
 [175 173 171 ..., 184 191 195]
 [185 183 179 ..., 185 186 193]
 [185 189 191 ..., 187 187 191]]",five
63,"[[199 197 204 ..., 203 203 202]
 [205 204 208 ..., 202 201 201]
 [206 206 206 ..., 200 199 198]
 ..., 
 [194 196 194 ..., 199 197 193]
 [192 192 192 ..., 201 197 195]
 [192 189 190 ..., 197 195 196]]",five
64,"[[199 194 196 ..., 195 194 193]
 [199 203 201 ..., 199 197 194]
 [203 212 206 ..., 194 192 192]
 ..., 
 [199 194 196 ..., 195 195 198]
 [199 197 197 ..., 197 196 200]
 [202 193 196 ..., 193 190 198]]",five
65,"[[189 193 193 ..., 191 193 193]
 [193 197 197 ..., 190 188 189]
 [194 199 201 ..., 194 193 192]
 ..., 
 [195 193 195 ..., 197 196 199]
 [198 195 197 ..., 199 195 199]
 [200 197 199 ..., 199 188 192]]",five
66,"[[195 190 187 ..., 187 186 186]
 [194 187 181 ..., 185 188 187]
 [196 193 189 ..., 186 187 187]
 ..., 
 [198 198 194 ..., 195 189 187]
 [198 200 199 ..., 192 193 193]
 [194 197 196 ..., 189 196 199]]",five
67,"[[194 191 190 ..., 202 201 200]
 [191 189 190 ..., 199 198 195]
 [189 190 191 ..., 197 198 194]
 ..., 
 [197 196 196 ..., 192 194 197]
 [193 194 195 ..., 186 179 188]
 [189 191 193 ..., 192 181 190]]",five
68,"[[201 201 202 ..., 196 191 188]
 [206 205 206 ..., 199 196 195]
 [206 206 207 ..., 200 201 203]
 ..., 
 [192 195 196 ..., 193 191 192]
 [194 192 191 ..., 206 201 198]
 [197 194 192 ..., 207 203 198]]",five
69,"[[201 199 198 ..., 194 196 192]
 [201 201 202 ..., 191 192 194]
 [201 200 197 ..., 195 191 190]
 ..., 
 [161 160 169 ..., 195 200 204]
 [167 162 167 ..., 199 203 205]
 [178 177 183 ..., 204 205 204]]",five
70,"[[188 193 192 ..., 174 177 177]
 [189 191 192 ..., 181 181 179]
 [188 185 188 ..., 186 185 181]
 ..., 
 [178 185 185 ..., 188 189 190]
 [179 186 187 ..., 184 185 186]
 [182 186 188 ..., 179 180 181]]",five
71,"[[194 196 200 ..., 211 214 213]
 [196 196 199 ..., 208 206 206]
 [196 195 195 ..., 204 197 196]
 ..., 
 [202 204 202 ..., 196 193 195]
 [202 205 203 ..., 196 195 198]
 [195 198 197 ..., 190 195 199]]",five
72,"[[205 200 205 ..., 200 203 206]
 [205 198 205 ..., 204 205 207]
 [199 200 193 ..., 200 198 197]
 ..., 
 [202 205 202 ..., 205 204 199]
 [205 203 205 ..., 202 206 208]
 [201 198 202 ..., 203 206 207]]",five
73,"[[205 205 206 ..., 203 204 207]
 [207 208 211 ..., 205 206 208]
 [207 204 203 ..., 205 202 199]
 ..., 
 [201 199 203 ..., 202 200 200]
 [206 204 202 ..., 202 205 206]
 [205 204 205 ..., 203 204 203]]",five
74,"[[186 192 186 ..., 185 184 187]
 [197 205 193 ..., 184 178 178]
 [199 199 203 ..., 193 190 185]
 ..., 
 [203 197 204 ..., 198 197 195]
 [197 195 205 ..., 199 198 191]
 [197 195 196 ..., 193 196 193]]",five
75,"[[188 189 190 ..., 192 194 195]
 [189 189 187 ..., 193 195 197]
 [193 192 189 ..., 193 196 199]
 ..., 
 [187 191 182 ..., 198 198 197]
 [196 197 186 ..., 200 199 197]
 [202 200 199 ..., 201 202 198]]",five
76,"[[205 205 205 ..., 213 215 217]
 [204 203 203 ..., 211 212 213]
 [204 204 204 ..., 202 204 206]
 ..., 
 [201 205 206 ..., 201 202 202]
 [196 201 203 ..., 200 202 204]
 [189 194 197 ..., 203 206 208]]",five
77,"[[206 198 197 ..., 198 196 198]
 [203 200 196 ..., 201 197 196]
 [202 199 196 ..., 205 201 199]
 ..., 
 [196 188 189 ..., 198 194 192]
 [198 190 189 ..., 200 197 195]
 [198 190 187 ..., 203 201 200]]",five
78,"[[199 200 196 ..., 191 191 191]
 [198 198 194 ..., 196 196 199]
 [197 198 196 ..., 197 197 201]
 ..., 
 [190 193 197 ..., 195 193 194]
 [191 193 195 ..., 194 193 196]
 [193 192 190 ..., 195 195 200]]",five
79,"[[193 192 190 ..., 195 198 196]
 [199 196 194 ..., 193 196 195]
 [203 202 201 ..., 196 197 195]
 ..., 
 [203 202 199 ..., 199 195 193]
 [200 199 196 ..., 196 194 195]
 [197 196 193 ..., 194 193 195]]",five
80,"[[188 184 183 ..., 193 192 186]
 [187 184 184 ..., 192 193 188]
 [189 186 186 ..., 192 195 192]
 ..., 
 [192 191 194 ..., 196 193 188]
 [191 189 191 ..., 196 190 185]
 [194 191 193 ..., 195 192 190]]",five
81,"[[200 202 198 ..., 196 196 196]
 [197 198 203 ..., 199 200 200]
 [195 195 203 ..., 200 201 202]
 ..., 
 [186 179 187 ..., 186 187 188]
 [185 177 185 ..., 183 185 186]
 [185 176 185 ..., 180 182 183]]",five
82,"[[185 186 190 ..., 194 194 193]
 [201 202 205 ..., 200 201 201]
 [204 204 207 ..., 193 194 198]
 ..., 
 [200 204 203 ..., 201 202 202]
 [200 205 205 ..., 201 203 205]
 [199 204 205 ..., 205 207 208]]",five
83,"[[178 176 179 ..., 182 180 183]
 [184 179 185 ..., 182 177 177]
 [195 189 190 ..., 187 181 181]
 ..., 
 [192 194 195 ..., 208 206 204]
 [188 190 191 ..., 210 207 204]
 [188 189 191 ..., 208 206 204]]",five
84,"[[211 206 203 ..., 208 206 198]
 [201 199 196 ..., 204 201 207]
 [195 195 192 ..., 201 197 205]
 ..., 
 [203 199 200 ..., 202 203 199]
 [201 199 200 ..., 204 205 203]
 [201 202 203 ..., 202 201 199]]",five
85,"[[183 198 193 ..., 189 190 183]
 [177 194 192 ..., 196 192 194]
 [181 187 191 ..., 202 194 204]
 ..., 
 [204 206 206 ..., 202 200 203]
 [204 205 205 ..., 206 204 213]
 [204 204 204 ..., 207 205 211]]",five
86,"[[180 188 191 ..., 192 194 196]
 [187 194 196 ..., 202 204 204]
 [192 197 199 ..., 206 208 206]
 ..., 
 [182 178 178 ..., 191 187 187]
 [184 180 178 ..., 191 185 184]
 [181 178 179 ..., 186 184 183]]",five
87,"[[187 186 184 ..., 198 197 190]
 [190 190 189 ..., 202 203 197]
 [192 194 192 ..., 204 203 198]
 ..., 
 [191 187 185 ..., 201 197 196]
 [188 182 182 ..., 194 194 199]
 [190 182 185 ..., 188 187 194]]",five
88,"[[190 192 197 ..., 200 199 194]
 [187 189 194 ..., 195 194 190]
 [189 191 194 ..., 197 195 191]
 ..., 
 [198 197 197 ..., 200 200 203]
 [194 193 193 ..., 202 204 205]
 [193 192 192 ..., 196 200 202]]",five
89,"[[187 186 187 ..., 192 187 184]
 [188 188 188 ..., 189 187 186]
 [184 184 185 ..., 189 191 192]
 ..., 
 [191 192 194 ..., 200 198 197]
 [188 189 191 ..., 202 204 205]
 [185 186 189 ..., 200 204 206]]",five
90,"[[173 177 180 ..., 182 180 176]
 [173 176 177 ..., 183 181 176]
 [175 177 177 ..., 180 178 175]
 ..., 
 [203 202 200 ..., 196 194 191]
 [205 206 205 ..., 193 191 189]
 [203 206 205 ..., 191 192 194]]",five
91,"[[173 182 180 ..., 178 183 177]
 [183 181 179 ..., 180 182 182]
 [184 182 180 ..., 178 180 180]
 ..., 
 [196 196 202 ..., 195 200 203]
 [194 193 196 ..., 200 203 206]
 [195 193 193 ..., 200 200 201]]",five
92,"[[166 168 171 ..., 181 185 182]
 [169 171 171 ..., 183 186 183]
 [170 174 171 ..., 187 190 185]
 ..., 
 [205 200 199 ..., 203 196 200]
 [205 205 202 ..., 206 203 199]
 [201 203 203 ..., 206 211 206]]",five
93,"[[191 198 202 ..., 168 173 181]
 [189 192 196 ..., 175 171 177]
 [191 191 193 ..., 180 168 170]
 ..., 
 [191 192 193 ..., 194 197 201]
 [195 196 196 ..., 197 199 203]
 [196 195 196 ..., 202 212 214]]",five
94,"[[165 177 180 ..., 189 188 186]
 [170 176 175 ..., 186 187 186]
 [183 182 179 ..., 187 187 186]
 ..., 
 [187 187 188 ..., 190 190 190]
 [187 187 190 ..., 191 192 194]
 [192 193 197 ..., 185 188 190]]",five
95,"[[172 175 178 ..., 177 177 178]
 [182 186 189 ..., 176 174 174]
 [183 184 184 ..., 178 175 175]
 ..., 
 [183 185 186 ..., 167 168 172]
 [198 201 200 ..., 178 176 178]
 [204 208 208 ..., 193 192 191]]",five
96,"[[172 161 151 ..., 166 158 162]
 [171 164 153 ..., 159 153 157]
 [171 169 160 ..., 160 156 159]
 ..., 
 [191 191 192 ..., 193 197 197]
 [189 187 187 ..., 192 194 192]
 [187 182 179 ..., 184 185 183]]",five
97,"[[159 163 165 ..., 168 168 168]
 [161 164 164 ..., 165 164 164]
 [162 161 161 ..., 171 171 171]
 ..., 
 [200 203 205 ..., 200 198 197]
 [201 199 200 ..., 198 198 196]
 [195 194 196 ..., 194 195 193]]",five
98,"[[182 174 169 ..., 178 164 149]
 [190 193 196 ..., 174 164 155]
 [193 196 199 ..., 178 169 159]
 ..., 
 [180 181 182 ..., 183 183 188]
 [183 184 180 ..., 185 182 184]
 [183 182 180 ..., 191 187 186]]",five
99,"[[167 163 162 ..., 173 178 182]
 [167 162 161 ..., 168 174 180]
 [166 164 164 ..., 166 170 175]
 ..., 
 [202 207 206 ..., 201 197 194]
 [203 209 209 ..., 201 196 191]
 [207 213 212 ..., 202 197 192]]",five
100,"[[191 191 189 ..., 197 201 199]
 [193 193 190 ..., 196 199 200]
 [193 193 188 ..., 196 197 199]
 ..., 
 [188 192 191 ..., 181 183 187]
 [193 197 194 ..., 182 186 190]
 [195 198 195 ..., 182 186 190]]",four
101,"[[196 195 193 ..., 194 194 193]
 [205 202 199 ..., 187 187 188]
 [209 207 205 ..., 185 185 186]
 ..., 
 [196 203 204 ..., 184 189 193]
 [199 202 200 ..., 193 197 198]
 [196 195 194 ..., 196 199 197]]",four
102,"[[190 189 188 ..., 195 197 197]
 [197 196 194 ..., 190 191 197]
 [194 194 201 ..., 192 191 188]
 ..., 
 [197 196 196 ..., 196 199 196]
 [193 192 193 ..., 202 200 194]
 [196 196 197 ..., 198 195 189]]",four
103,"[[192 196 202 ..., 181 183 190]
 [195 197 200 ..., 186 185 191]
 [195 195 196 ..., 191 187 193]
 ..., 
 [196 193 195 ..., 194 196 196]
 [193 192 196 ..., 193 194 196]
 [193 194 196 ..., 193 196 197]]",four
104,"[[193 190 192 ..., 192 192 193]
 [195 188 187 ..., 188 186 189]
 [192 184 181 ..., 181 177 182]
 ..., 
 [191 193 191 ..., 188 187 187]
 [189 196 192 ..., 182 182 178]
 [190 179 179 ..., 178 179 170]]",four
105,"[[195 195 186 ..., 202 198 191]
 [195 194 191 ..., 194 194 193]
 [193 193 191 ..., 193 193 192]
 ..., 
 [201 202 198 ..., 202 201 198]
 [196 196 197 ..., 201 199 195]
 [190 189 195 ..., 198 196 195]]",four
106,"[[200 197 198 ..., 197 194 196]
 [194 197 198 ..., 196 194 195]
 [188 198 199 ..., 196 195 194]
 ..., 
 [194 190 191 ..., 197 199 197]
 [192 190 187 ..., 193 195 196]
 [190 190 188 ..., 192 194 197]]",four
107,"[[199 198 196 ..., 203 198 195]
 [199 197 193 ..., 193 197 196]
 [198 195 192 ..., 193 199 199]
 ..., 
 [195 190 193 ..., 197 191 187]
 [197 191 193 ..., 192 185 180]
 [198 190 190 ..., 187 180 175]]",four
108,"[[195 198 201 ..., 195 196 197]
 [193 195 197 ..., 196 196 197]
 [191 192 193 ..., 196 194 193]
 ..., 
 [190 191 192 ..., 202 202 201]
 [190 189 189 ..., 203 202 201]
 [189 188 187 ..., 200 199 198]]",four
109,"[[195 194 190 ..., 195 196 198]
 [193 191 188 ..., 195 195 197]
 [192 189 187 ..., 194 195 197]
 ..., 
 [183 188 194 ..., 197 195 194]
 [184 187 192 ..., 192 192 191]
 [186 187 189 ..., 190 191 191]]",four
110,"[[191 193 194 ..., 196 209 203]
 [193 194 194 ..., 196 204 199]
 [197 199 200 ..., 199 198 197]
 ..., 
 [206 204 200 ..., 193 186 184]
 [203 200 196 ..., 199 191 192]
 [204 202 200 ..., 208 195 197]]",four
111,"[[193 195 198 ..., 191 185 175]
 [196 199 203 ..., 194 185 175]
 [194 197 201 ..., 197 187 177]
 ..., 
 [189 188 186 ..., 193 195 194]
 [186 185 185 ..., 184 186 187]
 [189 189 190 ..., 178 180 180]]",four
112,"[[198 197 197 ..., 192 191 191]
 [194 192 195 ..., 192 191 190]
 [192 198 198 ..., 197 195 192]
 ..., 
 [199 198 197 ..., 209 209 206]
 [199 195 194 ..., 206 204 203]
 [198 197 197 ..., 203 203 205]]",four
113,"[[205 204 202 ..., 200 199 198]
 [205 207 205 ..., 202 202 202]
 [204 207 206 ..., 197 198 200]
 ..., 
 [189 189 188 ..., 187 188 191]
 [188 188 188 ..., 189 189 191]
 [186 186 187 ..., 194 192 191]]",four
114,"[[210 208 202 ..., 199 199 201]
 [205 203 200 ..., 199 199 202]
 [207 208 214 ..., 196 195 195]
 ..., 
 [184 185 185 ..., 179 178 179]
 [187 189 185 ..., 178 179 179]
 [188 191 189 ..., 181 183 184]]",four
115,"[[193 194 196 ..., 193 194 198]
 [198 197 195 ..., 193 193 197]
 [203 200 196 ..., 197 200 205]
 ..., 
 [194 196 198 ..., 200 200 200]
 [188 190 192 ..., 200 200 201]
 [193 194 194 ..., 204 203 202]]",four
116,"[[203 205 205 ..., 204 204 208]
 [204 200 200 ..., 209 209 205]
 [205 201 202 ..., 210 209 203]
 ..., 
 [199 200 199 ..., 205 205 203]
 [196 199 199 ..., 202 202 199]
 [195 199 198 ..., 197 198 197]]",four
117,"[[204 205 206 ..., 197 195 193]
 [205 206 206 ..., 204 205 204]
 [207 205 203 ..., 206 207 206]
 ..., 
 [196 194 193 ..., 196 197 198]
 [194 194 195 ..., 196 198 199]
 [197 197 198 ..., 190 191 193]]",four
118,"[[192 193 193 ..., 195 194 194]
 [190 192 193 ..., 197 195 195]
 [188 191 194 ..., 197 196 196]
 ..., 
 [201 199 195 ..., 196 196 199]
 [200 198 194 ..., 196 198 201]
 [199 198 195 ..., 198 196 196]]",four
119,"[[204 207 202 ..., 202 200 200]
 [204 204 201 ..., 205 208 208]
 [203 208 203 ..., 207 209 211]
 ..., 
 [201 196 194 ..., 196 197 195]
 [198 194 192 ..., 199 200 199]
 [196 193 191 ..., 200 200 201]]",four
120,"[[201 202 204 ..., 200 200 197]
 [197 196 197 ..., 208 204 198]
 [202 199 196 ..., 201 198 194]
 ..., 
 [195 194 194 ..., 202 199 198]
 [198 195 193 ..., 197 195 195]
 [199 195 193 ..., 194 194 193]]",four
121,"[[201 198 198 ..., 188 192 196]
 [203 200 201 ..., 192 194 196]
 [206 202 203 ..., 198 195 193]
 ..., 
 [193 194 194 ..., 195 191 191]
 [194 196 197 ..., 196 191 189]
 [199 200 201 ..., 197 192 188]]",four
122,"[[199 202 208 ..., 204 205 203]
 [192 195 201 ..., 207 207 205]
 [181 182 189 ..., 201 201 199]
 ..., 
 [205 201 196 ..., 191 192 193]
 [211 207 202 ..., 191 191 192]
 [207 206 204 ..., 194 195 195]]",four
123,"[[198 199 200 ..., 192 195 197]
 [201 199 199 ..., 193 196 199]
 [202 198 197 ..., 197 200 203]
 ..., 
 [200 198 195 ..., 195 195 197]
 [202 201 199 ..., 198 199 201]
 [202 203 201 ..., 203 204 204]]",four
124,"[[199 199 198 ..., 203 203 201]
 [200 198 196 ..., 206 208 206]
 [204 201 198 ..., 204 208 207]
 ..., 
 [205 203 204 ..., 208 211 209]
 [204 203 205 ..., 203 206 205]
 [202 197 193 ..., 204 207 210]]",four
125,"[[212 211 210 ..., 212 212 211]
 [209 209 208 ..., 212 212 212]
 [207 207 207 ..., 211 210 209]
 ..., 
 [207 205 204 ..., 204 202 202]
 [210 208 205 ..., 210 211 211]
 [210 207 204 ..., 209 210 212]]",four
126,"[[205 203 200 ..., 189 186 192]
 [199 202 199 ..., 192 190 193]
 [193 199 197 ..., 197 197 194]
 ..., 
 [198 202 202 ..., 197 196 199]
 [196 198 198 ..., 200 201 202]
 [196 195 195 ..., 202 205 202]]",four
127,"[[213 214 215 ..., 198 199 205]
 [214 216 216 ..., 201 200 204]
 [213 213 212 ..., 203 201 203]
 ..., 
 [201 198 195 ..., 187 194 195]
 [202 201 200 ..., 192 196 195]
 [205 205 206 ..., 198 199 198]]",four
128,"[[202 201 200 ..., 207 206 206]
 [200 200 200 ..., 206 204 203]
 [199 200 200 ..., 203 201 201]
 ..., 
 [197 201 204 ..., 203 203 202]
 [193 199 204 ..., 198 198 199]
 [197 200 202 ..., 197 197 198]]",four
129,"[[199 196 195 ..., 206 207 206]
 [198 197 196 ..., 203 204 206]
 [188 194 191 ..., 204 206 209]
 ..., 
 [200 200 196 ..., 198 197 193]
 [197 200 199 ..., 196 199 197]
 [200 201 198 ..., 195 198 196]]",four
130,"[[197 191 192 ..., 168 168 155]
 [193 196 196 ..., 180 181 170]
 [197 199 199 ..., 190 191 192]
 ..., 
 [198 194 191 ..., 185 192 196]
 [194 191 188 ..., 190 195 192]
 [191 190 188 ..., 191 194 181]]",four
131,"[[203 204 203 ..., 174 180 184]
 [205 204 201 ..., 188 192 194]
 [205 206 205 ..., 182 191 196]
 ..., 
 [203 201 200 ..., 196 197 197]
 [193 195 202 ..., 196 195 197]
 [196 198 203 ..., 198 197 201]]",four
132,"[[201 199 199 ..., 203 195 192]
 [197 195 195 ..., 200 196 194]
 [197 195 195 ..., 197 197 196]
 ..., 
 [203 201 198 ..., 191 193 195]
 [192 191 190 ..., 201 202 200]
 [188 190 191 ..., 207 206 202]]",four
133,"[[199 195 190 ..., 199 201 202]
 [205 202 196 ..., 189 192 195]
 [209 206 201 ..., 191 193 194]
 ..., 
 [207 205 202 ..., 209 207 205]
 [205 204 201 ..., 205 204 204]
 [199 198 196 ..., 199 200 200]]",four
134,"[[201 199 196 ..., 182 190 191]
 [198 196 193 ..., 189 191 192]
 [199 196 194 ..., 194 195 197]
 ..., 
 [202 206 210 ..., 184 190 194]
 [201 207 213 ..., 190 189 194]
 [206 210 214 ..., 195 193 196]]",four
135,"[[198 196 196 ..., 193 194 194]
 [198 194 193 ..., 192 196 195]
 [199 194 193 ..., 197 198 198]
 ..., 
 [210 207 202 ..., 213 210 209]
 [206 204 202 ..., 212 207 206]
 [198 199 199 ..., 205 209 208]]",four
136,"[[196 197 197 ..., 200 200 199]
 [198 199 200 ..., 203 203 203]
 [196 196 197 ..., 209 210 210]
 ..., 
 [210 209 208 ..., 203 204 203]
 [213 212 212 ..., 210 210 209]
 [213 213 213 ..., 211 211 210]]",four
137,"[[197 194 192 ..., 184 181 181]
 [201 198 195 ..., 186 185 188]
 [202 199 196 ..., 187 190 195]
 ..., 
 [206 208 207 ..., 199 195 191]
 [208 210 208 ..., 206 200 195]
 [209 209 206 ..., 210 206 201]]",four
138,"[[189 188 187 ..., 202 204 205]
 [190 191 191 ..., 200 202 204]
 [193 193 192 ..., 197 199 201]
 ..., 
 [198 198 198 ..., 198 198 198]
 [199 199 200 ..., 199 197 197]
 [198 200 201 ..., 199 197 197]]",four
139,"[[193 191 184 ..., 205 201 196]
 [195 194 191 ..., 197 193 189]
 [197 196 192 ..., 193 188 184]
 ..., 
 [203 197 198 ..., 203 202 202]
 [199 194 196 ..., 204 202 200]
 [198 199 197 ..., 203 201 200]]",four
140,"[[189 189 187 ..., 160 160 160]
 [188 187 183 ..., 168 166 165]
 [191 190 186 ..., 184 183 181]
 ..., 
 [192 190 191 ..., 195 195 195]
 [193 192 191 ..., 195 196 197]
 [194 195 197 ..., 193 194 195]]",four
141,"[[197 196 195 ..., 182 183 184]
 [193 195 195 ..., 169 171 174]
 [191 196 199 ..., 165 166 170]
 ..., 
 [203 204 204 ..., 195 197 201]
 [208 207 206 ..., 200 201 205]
 [208 207 203 ..., 199 199 203]]",four
142,"[[193 187 180 ..., 190 189 188]
 [195 190 183 ..., 192 192 193]
 [199 195 189 ..., 194 196 197]
 ..., 
 [189 193 199 ..., 206 204 202]
 [190 195 197 ..., 200 199 198]
 [191 194 194 ..., 198 197 196]]",four
143,"[[191 194 197 ..., 201 200 200]
 [190 192 194 ..., 197 196 195]
 [188 185 183 ..., 199 199 197]
 ..., 
 [198 199 201 ..., 201 200 198]
 [196 196 198 ..., 202 201 199]
 [194 194 195 ..., 201 200 199]]",four
144,"[[210 209 207 ..., 195 194 194]
 [211 210 208 ..., 195 194 195]
 [209 207 205 ..., 198 197 197]
 ..., 
 [206 203 201 ..., 201 202 201]
 [205 202 199 ..., 198 198 197]
 [203 200 198 ..., 197 196 194]]",four
145,"[[198 199 199 ..., 187 189 188]
 [198 198 199 ..., 199 200 199]
 [197 196 196 ..., 203 204 202]
 ..., 
 [199 200 200 ..., 201 198 196]
 [202 203 204 ..., 197 194 191]
 [201 201 203 ..., 191 189 187]]",four
146,"[[204 205 205 ..., 197 194 193]
 [199 198 198 ..., 200 198 196]
 [201 200 198 ..., 199 197 197]
 ..., 
 [197 196 195 ..., 191 190 191]
 [197 197 196 ..., 193 195 198]
 [198 199 198 ..., 200 201 203]]",four
147,"[[189 195 196 ..., 201 200 200]
 [188 193 193 ..., 197 196 199]
 [188 188 188 ..., 196 194 198]
 ..., 
 [197 200 200 ..., 194 196 195]
 [197 199 199 ..., 188 188 194]
 [190 188 190 ..., 198 193 199]]",four
148,"[[186 185 186 ..., 195 193 194]
 [188 186 185 ..., 196 195 197]
 [186 184 186 ..., 197 197 200]
 ..., 
 [200 199 195 ..., 196 193 195]
 [196 193 190 ..., 195 192 191]
 [192 189 187 ..., 192 192 189]]",four
149,"[[171 171 174 ..., 198 198 197]
 [177 176 177 ..., 200 200 199]
 [187 186 186 ..., 194 196 196]
 ..., 
 [191 193 195 ..., 204 206 204]
 [193 193 192 ..., 202 204 204]
 [195 194 192 ..., 200 201 201]]",four
150,"[[188 186 190 ..., 167 160 152]
 [187 185 190 ..., 173 165 157]
 [185 182 190 ..., 180 177 174]
 ..., 
 [195 197 199 ..., 185 188 186]
 [196 196 197 ..., 186 182 178]
 [197 196 195 ..., 190 183 177]]",six
151,"[[188 189 189 ..., 196 195 183]
 [185 183 186 ..., 185 192 190]
 [188 187 190 ..., 184 180 178]
 ..., 
 [193 193 193 ..., 191 186 188]
 [196 195 195 ..., 192 191 191]
 [196 196 195 ..., 192 195 192]]",six
152,"[[176 175 171 ..., 174 176 180]
 [176 179 173 ..., 178 180 184]
 [177 183 174 ..., 182 184 185]
 ..., 
 [190 183 184 ..., 177 178 179]
 [189 181 192 ..., 175 176 177]
 [191 189 191 ..., 174 175 179]]",six
153,"[[190 191 191 ..., 191 195 195]
 [192 194 195 ..., 190 195 194]
 [192 193 193 ..., 189 193 193]
 ..., 
 [179 174 173 ..., 193 185 186]
 [179 174 173 ..., 192 186 188]
 [181 176 173 ..., 189 186 189]]",six
154,"[[189 192 193 ..., 186 186 185]
 [192 194 195 ..., 188 186 185]
 [193 193 193 ..., 186 185 185]
 ..., 
 [184 188 192 ..., 177 176 175]
 [186 183 180 ..., 168 169 171]
 [185 182 179 ..., 168 169 171]]",six
155,"[[184 183 183 ..., 187 187 187]
 [187 184 185 ..., 189 189 188]
 [186 182 183 ..., 188 187 186]
 ..., 
 [162 161 164 ..., 172 174 173]
 [164 164 168 ..., 169 171 172]
 [165 165 170 ..., 174 174 176]]",six
156,"[[192 194 195 ..., 194 194 193]
 [189 190 191 ..., 190 190 189]
 [187 188 189 ..., 186 186 186]
 ..., 
 [174 173 169 ..., 183 181 178]
 [176 176 174 ..., 184 185 185]
 [178 178 177 ..., 183 185 188]]",six
157,"[[185 190 191 ..., 186 189 192]
 [183 189 190 ..., 187 188 190]
 [180 187 190 ..., 192 189 188]
 ..., 
 [168 175 180 ..., 190 191 190]
 [164 173 178 ..., 187 188 188]
 [162 171 177 ..., 183 183 183]]",six
158,"[[180 187 184 ..., 193 192 189]
 [181 192 187 ..., 195 189 188]
 [185 189 186 ..., 192 188 186]
 ..., 
 [168 166 169 ..., 182 180 176]
 [163 164 167 ..., 180 180 170]
 [162 163 166 ..., 177 177 173]]",six
159,"[[187 189 192 ..., 200 201 201]
 [188 191 194 ..., 199 199 198]
 [191 195 195 ..., 199 201 202]
 ..., 
 [174 178 181 ..., 180 175 173]
 [170 172 177 ..., 179 179 181]
 [176 177 177 ..., 181 181 182]]",six
160,"[[198 193 187 ..., 176 178 176]
 [197 196 192 ..., 183 185 182]
 [199 197 191 ..., 190 189 186]
 ..., 
 [199 195 188 ..., 189 188 188]
 [195 193 187 ..., 192 192 188]
 [194 192 188 ..., 193 194 188]]",six
161,"[[170 168 165 ..., 174 172 168]
 [176 175 174 ..., 167 164 162]
 [174 173 173 ..., 159 157 158]
 ..., 
 [187 186 187 ..., 165 169 174]
 [188 186 187 ..., 157 164 169]
 [187 185 187 ..., 166 175 179]]",six
162,"[[189 190 194 ..., 198 200 199]
 [186 188 192 ..., 195 197 197]
 [184 185 190 ..., 205 204 200]
 ..., 
 [195 192 190 ..., 183 188 191]
 [189 188 189 ..., 187 192 194]
 [190 189 192 ..., 191 192 194]]",six
163,"[[183 180 184 ..., 190 189 187]
 [181 176 187 ..., 190 190 188]
 [191 187 190 ..., 185 183 180]
 ..., 
 [192 191 188 ..., 188 186 183]
 [188 187 190 ..., 185 180 175]
 [185 185 192 ..., 187 182 179]]",six
164,"[[195 194 193 ..., 201 199 199]
 [194 192 191 ..., 203 199 196]
 [193 192 191 ..., 202 198 193]
 ..., 
 [185 189 191 ..., 188 188 188]
 [183 189 192 ..., 186 185 186]
 [176 182 186 ..., 185 185 186]]",six
165,"[[195 196 195 ..., 202 203 202]
 [197 196 193 ..., 200 197 197]
 [197 196 194 ..., 199 197 197]
 ..., 
 [192 197 199 ..., 198 197 195]
 [193 196 196 ..., 196 195 193]
 [190 191 190 ..., 194 193 191]]",six
166,"[[184 182 180 ..., 195 195 190]
 [182 182 182 ..., 195 194 189]
 [182 183 184 ..., 195 195 190]
 ..., 
 [191 189 188 ..., 187 187 189]
 [195 193 192 ..., 185 186 189]
 [194 193 192 ..., 182 182 184]]",six
167,"[[179 178 178 ..., 181 180 183]
 [182 182 176 ..., 189 184 180]
 [179 178 178 ..., 184 181 179]
 ..., 
 [195 194 197 ..., 202 201 199]
 [196 197 198 ..., 200 200 199]
 [192 194 198 ..., 194 195 197]]",six
168,"[[189 190 190 ..., 188 190 189]
 [187 189 190 ..., 188 190 188]
 [186 188 190 ..., 188 190 186]
 ..., 
 [199 198 198 ..., 184 184 184]
 [197 197 197 ..., 189 191 190]
 [196 195 200 ..., 190 190 190]]",six
169,"[[184 185 187 ..., 187 188 188]
 [184 185 186 ..., 185 187 187]
 [181 186 190 ..., 180 184 188]
 ..., 
 [177 179 179 ..., 198 196 189]
 [176 177 179 ..., 190 191 193]
 [180 180 180 ..., 191 192 193]]",six
170,"[[197 193 192 ..., 196 199 201]
 [199 199 197 ..., 204 205 204]
 [199 199 197 ..., 205 205 204]
 ..., 
 [179 178 178 ..., 173 171 173]
 [178 178 180 ..., 176 175 177]
 [170 173 177 ..., 180 179 182]]",six
171,"[[194 195 195 ..., 198 197 195]
 [193 196 194 ..., 200 198 195]
 [194 194 193 ..., 196 195 195]
 ..., 
 [192 193 198 ..., 175 174 176]
 [189 198 199 ..., 176 171 171]
 [202 199 198 ..., 183 175 181]]",six
172,"[[187 189 192 ..., 188 185 190]
 [192 195 197 ..., 184 182 188]
 [193 196 198 ..., 183 179 185]
 ..., 
 [197 199 199 ..., 188 197 187]
 [198 200 199 ..., 182 181 175]
 [193 195 193 ..., 184 179 176]]",six
173,"[[188 187 187 ..., 189 188 188]
 [186 186 186 ..., 187 186 185]
 [186 185 185 ..., 184 183 181]
 ..., 
 [192 190 190 ..., 193 193 192]
 [194 192 191 ..., 192 192 191]
 [194 192 192 ..., 187 187 187]]",six
174,"[[194 193 191 ..., 192 192 191]
 [194 193 191 ..., 193 192 191]
 [198 197 195 ..., 194 193 192]
 ..., 
 [193 196 197 ..., 188 188 190]
 [196 198 199 ..., 192 192 193]
 [197 198 198 ..., 197 196 197]]",six
175,"[[194 198 199 ..., 194 194 191]
 [192 199 200 ..., 193 193 188]
 [193 197 199 ..., 192 193 189]
 ..., 
 [191 193 192 ..., 195 195 196]
 [193 200 197 ..., 188 188 192]
 [190 198 195 ..., 185 184 193]]",six
176,"[[212 213 213 ..., 209 211 211]
 [211 211 211 ..., 212 214 214]
 [215 215 213 ..., 214 207 206]
 ..., 
 [183 185 187 ..., 194 193 192]
 [182 185 185 ..., 192 191 190]
 [182 184 184 ..., 194 193 190]]",six
177,"[[206 207 207 ..., 191 191 191]
 [205 205 205 ..., 191 192 195]
 [204 205 204 ..., 193 195 200]
 ..., 
 [193 192 191 ..., 195 196 195]
 [196 195 196 ..., 194 195 193]
 [193 192 190 ..., 195 191 186]]",six
178,"[[211 211 210 ..., 214 216 217]
 [212 212 211 ..., 214 216 216]
 [212 212 212 ..., 213 215 215]
 ..., 
 [196 196 195 ..., 181 183 184]
 [195 196 195 ..., 185 182 179]
 [195 197 197 ..., 186 185 183]]",six
179,"[[192 191 191 ..., 206 206 207]
 [194 193 192 ..., 207 206 207]
 [197 196 195 ..., 207 208 209]
 ..., 
 [186 187 187 ..., 192 195 197]
 [179 179 179 ..., 191 195 195]
 [171 171 171 ..., 192 195 195]]",six
180,"[[190 191 193 ..., 188 179 176]
 [189 190 192 ..., 179 177 173]
 [186 188 190 ..., 176 177 175]
 ..., 
 [199 201 202 ..., 194 190 191]
 [200 201 203 ..., 196 192 192]
 [196 198 200 ..., 199 193 192]]",six
181,"[[184 190 194 ..., 184 181 179]
 [184 189 194 ..., 183 183 184]
 [183 185 188 ..., 181 184 188]
 ..., 
 [192 191 191 ..., 194 190 191]
 [187 186 185 ..., 190 185 185]
 [188 185 186 ..., 193 193 191]]",six
182,"[[192 187 194 ..., 184 183 187]
 [193 191 192 ..., 185 185 190]
 [192 195 192 ..., 189 190 188]
 ..., 
 [194 193 196 ..., 184 183 179]
 [197 190 193 ..., 186 186 188]
 [198 190 192 ..., 189 189 197]]",six
183,"[[197 190 182 ..., 193 195 197]
 [197 191 184 ..., 196 196 195]
 [197 192 186 ..., 197 196 194]
 ..., 
 [192 193 194 ..., 191 189 189]
 [194 195 195 ..., 195 194 195]
 [193 193 193 ..., 195 194 195]]",six
184,"[[183 183 184 ..., 186 185 185]
 [181 180 182 ..., 188 188 189]
 [182 182 185 ..., 191 191 191]
 ..., 
 [191 193 194 ..., 194 193 192]
 [189 192 194 ..., 195 194 193]
 [191 195 198 ..., 196 195 194]]",six
185,"[[177 176 175 ..., 178 176 176]
 [174 173 174 ..., 176 176 178]
 [171 173 176 ..., 176 176 178]
 ..., 
 [199 201 202 ..., 194 193 193]
 [201 201 201 ..., 191 190 190]
 [202 202 200 ..., 188 188 189]]",six
186,"[[201 202 204 ..., 184 180 177]
 [201 202 205 ..., 183 180 178]
 [199 200 202 ..., 185 185 185]
 ..., 
 [208 210 211 ..., 193 193 192]
 [210 211 211 ..., 192 191 189]
 [215 214 212 ..., 196 196 194]]",six
187,"[[203 202 203 ..., 192 192 192]
 [202 201 200 ..., 195 196 196]
 [202 201 201 ..., 201 202 203]
 ..., 
 [218 215 213 ..., 207 205 208]
 [219 217 215 ..., 205 203 205]
 [219 218 217 ..., 207 204 206]]",six
188,"[[201 202 202 ..., 198 198 199]
 [201 201 201 ..., 198 199 199]
 [198 198 198 ..., 200 200 200]
 ..., 
 [214 213 211 ..., 204 204 204]
 [214 213 210 ..., 209 208 208]
 [211 210 207 ..., 212 211 210]]",six
189,"[[193 196 196 ..., 193 192 192]
 [198 199 198 ..., 188 189 193]
 [196 197 196 ..., 186 188 193]
 ..., 
 [198 198 198 ..., 208 212 215]
 [202 202 202 ..., 208 212 215]
 [203 203 203 ..., 208 212 213]]",six
190,"[[174 172 168 ..., 171 176 178]
 [176 173 170 ..., 172 177 178]
 [179 175 174 ..., 166 171 170]
 ..., 
 [194 194 191 ..., 157 158 160]
 [193 192 190 ..., 161 161 162]
 [189 188 189 ..., 168 166 165]]",six
191,"[[182 178 177 ..., 180 182 181]
 [187 186 184 ..., 186 185 183]
 [181 180 180 ..., 185 182 180]
 ..., 
 [192 192 193 ..., 188 192 186]
 [188 190 192 ..., 185 189 184]
 [182 185 189 ..., 183 185 182]]",six
192,"[[181 178 175 ..., 179 178 181]
 [182 181 179 ..., 182 178 178]
 [187 188 186 ..., 180 175 174]
 ..., 
 [193 192 191 ..., 183 187 191]
 [192 191 190 ..., 181 185 188]
 [192 191 191 ..., 179 181 183]]",six
193,"[[181 192 192 ..., 187 190 183]
 [185 192 192 ..., 185 184 186]
 [189 190 190 ..., 182 179 188]
 ..., 
 [180 178 177 ..., 197 198 199]
 [186 177 175 ..., 197 197 194]
 [182 177 180 ..., 197 198 198]]",six
194,"[[193 196 193 ..., 193 192 189]
 [194 196 192 ..., 184 183 185]
 [193 193 190 ..., 178 177 184]
 ..., 
 [191 189 190 ..., 183 182 185]
 [188 189 190 ..., 187 188 188]
 [185 182 183 ..., 192 194 196]]",six
195,"[[200 197 196 ..., 190 188 187]
 [199 197 196 ..., 190 189 189]
 [196 194 194 ..., 188 188 189]
 ..., 
 [183 182 182 ..., 177 179 184]
 [184 184 184 ..., 175 179 187]
 [183 182 183 ..., 178 178 184]]",six
196,"[[189 188 186 ..., 186 189 190]
 [193 190 186 ..., 182 184 185]
 [192 190 187 ..., 178 181 181]
 ..., 
 [196 198 199 ..., 189 190 191]
 [200 200 199 ..., 185 186 187]
 [204 204 201 ..., 183 184 185]]",six
197,"[[167 165 172 ..., 169 169 169]
 [173 170 181 ..., 171 172 173]
 [178 176 182 ..., 175 178 180]
 ..., 
 [200 203 199 ..., 196 196 198]
 [200 201 197 ..., 196 195 196]
 [200 198 199 ..., 193 192 193]]",six
198,"[[186 188 182 ..., 169 170 171]
 [186 189 181 ..., 168 168 169]
 [185 188 181 ..., 172 172 172]
 ..., 
 [198 198 199 ..., 206 209 211]
 [199 199 195 ..., 202 205 206]
 [201 202 197 ..., 197 197 198]]",six
199,"[[175 179 180 ..., 173 172 168]
 [177 178 178 ..., 175 173 173]
 [176 176 174 ..., 180 178 180]
 ..., 
 [189 191 191 ..., 197 195 199]
 [195 194 193 ..., 200 199 198]
 [197 193 191 ..., 199 198 196]]",six
200,"[[186 188 189 ..., 184 185 190]
 [188 190 189 ..., 183 185 190]
 [181 180 176 ..., 184 184 190]
 ..., 
 [180 180 179 ..., 184 185 187]
 [179 179 177 ..., 195 194 194]
 [180 179 176 ..., 196 193 191]]",three
201,"[[201 203 195 ..., 186 190 194]
 [199 201 199 ..., 185 188 192]
 [193 196 200 ..., 185 187 190]
 ..., 
 [186 187 191 ..., 190 190 190]
 [190 187 188 ..., 194 194 193]
 [192 185 180 ..., 195 190 184]]",three
202,"[[192 197 199 ..., 186 185 187]
 [191 197 200 ..., 185 185 188]
 [195 197 199 ..., 185 187 190]
 ..., 
 [195 195 200 ..., 176 176 180]
 [198 193 196 ..., 176 181 183]
 [194 190 192 ..., 170 175 176]]",three
203,"[[182 183 184 ..., 181 184 180]
 [179 180 181 ..., 181 185 181]
 [178 179 178 ..., 178 179 177]
 ..., 
 [186 182 180 ..., 186 187 187]
 [185 181 180 ..., 173 184 184]
 [188 184 183 ..., 178 190 190]]",three
204,"[[198 197 197 ..., 188 190 191]
 [199 197 196 ..., 192 193 194]
 [200 198 197 ..., 196 195 194]
 ..., 
 [194 189 185 ..., 191 190 188]
 [191 188 187 ..., 188 188 188]
 [195 193 195 ..., 188 189 190]]",three
205,"[[199 196 193 ..., 188 193 192]
 [199 194 189 ..., 195 196 194]
 [193 193 192 ..., 197 196 195]
 ..., 
 [189 187 186 ..., 171 171 172]
 [191 187 184 ..., 180 179 180]
 [181 176 176 ..., 191 191 193]]",three
206,"[[187 186 187 ..., 199 194 192]
 [198 192 187 ..., 204 198 200]
 [202 195 192 ..., 216 211 211]
 ..., 
 [183 179 181 ..., 188 188 187]
 [180 176 177 ..., 187 185 184]
 [179 176 177 ..., 190 187 184]]",three
207,"[[183 184 184 ..., 186 184 187]
 [184 185 185 ..., 184 183 186]
 [189 189 188 ..., 186 191 197]
 ..., 
 [176 180 184 ..., 181 186 185]
 [180 188 187 ..., 181 185 183]
 [175 183 181 ..., 186 186 185]]",three
208,"[[190 190 188 ..., 200 199 198]
 [188 189 186 ..., 201 198 195]
 [189 190 188 ..., 200 197 193]
 ..., 
 [178 176 178 ..., 194 195 197]
 [178 178 180 ..., 197 197 197]
 [187 187 185 ..., 194 193 193]]",three
209,"[[201 203 205 ..., 196 195 194]
 [196 199 200 ..., 196 196 196]
 [195 199 196 ..., 194 194 194]
 ..., 
 [188 183 182 ..., 199 200 197]
 [187 181 174 ..., 197 200 198]
 [185 184 183 ..., 196 197 192]]",three
210,"[[209 205 203 ..., 198 195 195]
 [209 203 201 ..., 200 197 195]
 [208 201 201 ..., 200 200 198]
 ..., 
 [209 201 192 ..., 192 194 192]
 [208 200 193 ..., 196 197 195]
 [202 196 194 ..., 193 193 190]]",three
211,"[[201 196 196 ..., 182 185 188]
 [198 195 196 ..., 185 187 188]
 [198 195 195 ..., 190 190 191]
 ..., 
 [195 197 197 ..., 179 181 183]
 [189 191 190 ..., 178 182 187]
 [192 194 192 ..., 179 182 187]]",three
212,"[[204 206 207 ..., 197 194 192]
 [198 204 208 ..., 201 196 192]
 [193 201 207 ..., 204 200 197]
 ..., 
 [206 205 208 ..., 199 198 197]
 [203 204 206 ..., 202 201 200]
 [204 210 206 ..., 206 205 205]]",three
213,"[[180 184 190 ..., 201 194 192]
 [191 194 197 ..., 195 195 194]
 [201 202 204 ..., 191 197 198]
 ..., 
 [197 200 205 ..., 193 195 198]
 [197 196 194 ..., 196 192 194]
 [195 195 195 ..., 196 194 194]]",three
214,"[[188 188 190 ..., 193 192 190]
 [191 191 193 ..., 191 189 190]
 [192 194 196 ..., 196 195 195]
 ..., 
 [187 186 187 ..., 192 195 196]
 [191 191 192 ..., 192 193 192]
 [196 196 194 ..., 191 190 188]]",three
215,"[[205 206 208 ..., 193 201 201]
 [206 203 205 ..., 205 208 211]
 [202 200 203 ..., 203 206 209]
 ..., 
 [197 196 203 ..., 195 191 189]
 [208 207 212 ..., 201 199 198]
 [210 210 211 ..., 204 204 204]]",three
216,"[[205 204 202 ..., 205 210 212]
 [205 204 202 ..., 207 210 211]
 [204 204 202 ..., 215 214 212]
 ..., 
 [200 193 188 ..., 207 209 208]
 [196 193 191 ..., 210 211 209]
 [194 195 196 ..., 207 210 209]]",three
217,"[[197 199 204 ..., 183 186 190]
 [194 196 195 ..., 183 189 194]
 [197 197 197 ..., 187 191 195]
 ..., 
 [193 191 195 ..., 186 185 182]
 [191 190 193 ..., 190 191 187]
 [195 196 195 ..., 194 195 192]]",three
218,"[[180 181 186 ..., 194 186 193]
 [182 187 182 ..., 196 188 194]
 [182 186 182 ..., 196 189 196]
 ..., 
 [175 175 183 ..., 194 189 185]
 [177 177 187 ..., 192 189 187]
 [182 183 189 ..., 195 195 195]]",three
219,"[[190 193 189 ..., 209 205 197]
 [192 184 185 ..., 198 194 192]
 [197 191 194 ..., 196 198 201]
 ..., 
 [187 195 188 ..., 200 198 192]
 [192 198 194 ..., 207 206 201]
 [196 200 194 ..., 204 204 201]]",three
220,"[[207 203 201 ..., 195 193 193]
 [208 205 203 ..., 198 195 192]
 [209 206 205 ..., 199 196 191]
 ..., 
 [204 203 201 ..., 191 190 191]
 [204 205 204 ..., 189 189 189]
 [204 207 208 ..., 188 186 185]]",three
221,"[[209 209 209 ..., 200 204 201]
 [203 209 207 ..., 203 201 202]
 [205 208 207 ..., 205 203 203]
 ..., 
 [214 211 209 ..., 206 203 210]
 [211 207 206 ..., 203 201 205]
 [208 205 205 ..., 205 204 204]]",three
222,"[[200 204 205 ..., 202 202 202]
 [210 207 205 ..., 207 205 201]
 [213 212 212 ..., 199 202 203]
 ..., 
 [216 210 205 ..., 190 191 193]
 [209 209 208 ..., 181 181 183]
 [203 206 208 ..., 186 185 186]]",three
223,"[[197 197 195 ..., 197 194 198]
 [201 200 198 ..., 192 190 192]
 [208 205 201 ..., 185 188 187]
 ..., 
 [191 187 181 ..., 192 192 191]
 [195 189 183 ..., 182 189 186]
 [201 198 193 ..., 180 185 181]]",three
224,"[[208 208 208 ..., 198 197 196]
 [210 209 208 ..., 201 201 201]
 [208 207 207 ..., 207 208 209]
 ..., 
 [194 194 196 ..., 199 201 203]
 [194 195 196 ..., 202 203 203]
 [196 196 198 ..., 202 203 203]]",three
225,"[[203 204 204 ..., 205 210 209]
 [205 206 205 ..., 210 214 212]
 [203 204 205 ..., 211 212 210]
 ..., 
 [189 193 196 ..., 197 195 194]
 [196 197 199 ..., 199 193 193]
 [204 202 200 ..., 203 196 196]]",three
226,"[[196 199 202 ..., 197 201 204]
 [196 198 196 ..., 199 194 198]
 [201 201 198 ..., 201 196 198]
 ..., 
 [191 193 195 ..., 190 187 184]
 [196 195 196 ..., 191 188 186]
 [198 196 195 ..., 192 190 189]]",three
227,"[[197 200 202 ..., 207 204 203]
 [196 197 198 ..., 204 204 204]
 [194 194 196 ..., 201 203 203]
 ..., 
 [193 192 194 ..., 200 201 201]
 [196 197 199 ..., 206 201 197]
 [195 196 196 ..., 207 198 192]]",three
228,"[[199 201 205 ..., 192 190 191]
 [201 203 202 ..., 200 195 192]
 [205 207 202 ..., 204 202 200]
 ..., 
 [195 198 203 ..., 195 194 193]
 [189 193 199 ..., 194 193 192]
 [187 193 199 ..., 192 189 188]]",three
229,"[[191 188 191 ..., 202 201 201]
 [188 185 186 ..., 203 200 198]
 [188 183 179 ..., 203 200 198]
 ..., 
 [180 177 186 ..., 195 195 194]
 [183 180 185 ..., 193 192 192]
 [191 190 187 ..., 195 195 195]]",three
230,"[[196 192 190 ..., 198 196 193]
 [198 194 192 ..., 196 195 192]
 [201 199 199 ..., 190 189 187]
 ..., 
 [199 199 198 ..., 196 196 194]
 [197 197 197 ..., 199 198 195]
 [196 195 195 ..., 201 201 197]]",three
231,"[[194 195 195 ..., 201 201 201]
 [195 196 197 ..., 201 198 197]
 [195 197 198 ..., 199 196 196]
 ..., 
 [208 207 205 ..., 210 208 207]
 [207 205 203 ..., 212 210 210]
 [207 204 202 ..., 210 208 208]]",three
232,"[[199 200 196 ..., 206 206 203]
 [202 199 197 ..., 203 205 205]
 [201 201 199 ..., 202 205 205]
 ..., 
 [207 207 206 ..., 204 203 205]
 [206 206 204 ..., 201 201 203]
 [208 207 205 ..., 201 202 206]]",three
233,"[[202 200 203 ..., 197 195 191]
 [200 199 202 ..., 196 195 193]
 [199 199 203 ..., 197 198 199]
 ..., 
 [193 190 189 ..., 203 205 203]
 [195 193 192 ..., 195 196 195]
 [198 195 194 ..., 187 186 186]]",three
234,"[[194 194 193 ..., 192 194 194]
 [195 196 194 ..., 199 198 198]
 [198 198 197 ..., 210 202 203]
 ..., 
 [193 197 201 ..., 198 205 203]
 [198 202 206 ..., 198 209 206]
 [202 202 202 ..., 200 206 206]]",three
235,"[[198 207 202 ..., 202 203 201]
 [201 205 199 ..., 201 202 199]
 [208 201 196 ..., 200 199 200]
 ..., 
 [205 203 203 ..., 206 208 206]
 [209 206 206 ..., 204 205 210]
 [198 211 210 ..., 205 205 205]]",three
236,"[[205 202 201 ..., 200 202 203]
 [202 197 196 ..., 201 205 207]
 [197 191 191 ..., 202 207 210]
 ..., 
 [194 195 199 ..., 201 202 201]
 [201 203 204 ..., 203 203 201]
 [203 206 206 ..., 205 205 203]]",three
237,"[[200 202 201 ..., 209 209 208]
 [201 201 197 ..., 208 207 207]
 [201 201 199 ..., 207 207 207]
 ..., 
 [200 200 197 ..., 191 194 193]
 [200 202 200 ..., 194 196 195]
 [198 202 201 ..., 193 195 195]]",three
238,"[[202 202 197 ..., 208 204 201]
 [205 206 194 ..., 208 204 200]
 [206 207 203 ..., 208 206 205]
 ..., 
 [196 201 197 ..., 193 196 199]
 [197 201 192 ..., 189 188 188]
 [196 199 193 ..., 195 191 188]]",three
239,"[[185 190 193 ..., 199 204 207]
 [187 193 199 ..., 201 203 202]
 [187 188 190 ..., 200 200 199]
 ..., 
 [192 193 194 ..., 201 202 202]
 [186 187 192 ..., 203 204 203]
 [176 175 181 ..., 205 205 203]]",three
240,"[[197 196 194 ..., 184 181 175]
 [195 193 191 ..., 186 184 179]
 [189 190 191 ..., 186 186 184]
 ..., 
 [196 201 205 ..., 197 195 188]
 [199 201 204 ..., 203 197 186]
 [199 201 203 ..., 200 196 189]]",three
241,"[[189 184 180 ..., 194 198 200]
 [186 182 180 ..., 199 201 201]
 [185 182 183 ..., 202 203 201]
 ..., 
 [189 188 190 ..., 195 195 196]
 [196 196 197 ..., 196 195 196]
 [201 201 201 ..., 197 195 196]]",three
242,"[[193 197 192 ..., 188 189 192]
 [198 198 197 ..., 190 191 194]
 [198 198 200 ..., 188 188 188]
 ..., 
 [195 202 199 ..., 199 196 199]
 [192 197 196 ..., 198 195 195]
 [194 193 194 ..., 197 194 192]]",three
243,"[[191 193 194 ..., 198 196 195]
 [191 193 193 ..., 196 195 194]
 [191 192 193 ..., 194 193 193]
 ..., 
 [201 195 192 ..., 192 188 190]
 [202 198 197 ..., 192 190 192]
 [194 194 196 ..., 198 198 197]]",three
244,"[[192 191 192 ..., 185 193 197]
 [192 191 191 ..., 193 195 198]
 [195 195 194 ..., 194 194 197]
 ..., 
 [204 205 205 ..., 200 199 198]
 [206 208 209 ..., 198 203 201]
 [199 202 205 ..., 193 200 199]]",three
245,"[[201 202 195 ..., 192 189 188]
 [199 198 195 ..., 199 199 198]
 [202 200 198 ..., 200 200 200]
 ..., 
 [193 194 194 ..., 205 204 202]
 [198 199 197 ..., 202 201 201]
 [199 201 202 ..., 201 201 202]]",three
246,"[[196 198 199 ..., 201 200 199]
 [196 197 199 ..., 200 200 200]
 [195 195 196 ..., 200 201 201]
 ..., 
 [189 191 189 ..., 202 203 204]
 [196 195 195 ..., 203 203 203]
 [201 199 201 ..., 202 199 193]]",three
247,"[[200 199 197 ..., 198 198 196]
 [197 196 194 ..., 203 202 197]
 [195 193 192 ..., 202 201 197]
 ..., 
 [193 196 200 ..., 205 208 212]
 [195 199 203 ..., 202 203 205]
 [199 203 207 ..., 202 200 200]]",three
248,"[[200 202 203 ..., 195 192 189]
 [198 199 198 ..., 197 195 194]
 [196 195 194 ..., 200 201 202]
 ..., 
 [187 187 187 ..., 197 196 197]
 [195 195 193 ..., 195 191 193]
 [207 207 204 ..., 200 192 192]]",three
249,"[[184 181 178 ..., 194 190 190]
 [182 185 186 ..., 202 198 196]
 [184 181 181 ..., 202 204 203]
 ..., 
 [188 189 189 ..., 207 203 201]
 [191 186 184 ..., 191 198 205]
 [188 184 182 ..., 190 194 200]]",three
250,"[[185 187 188 ..., 191 188 192]
 [182 185 188 ..., 190 189 193]
 [183 186 190 ..., 189 184 190]
 ..., 
 [185 186 185 ..., 194 190 192]
 [187 188 188 ..., 192 186 189]
 [186 187 187 ..., 185 182 185]]",eight
251,"[[191 192 193 ..., 192 193 192]
 [190 191 192 ..., 191 191 190]
 [190 191 192 ..., 191 190 188]
 ..., 
 [192 192 192 ..., 198 193 190]
 [191 191 191 ..., 194 191 189]
 [190 189 188 ..., 189 188 188]]",eight
252,"[[197 196 193 ..., 188 187 184]
 [194 192 191 ..., 185 183 180]
 [192 190 189 ..., 184 182 180]
 ..., 
 [192 192 195 ..., 190 190 191]
 [189 192 195 ..., 193 191 190]
 [193 195 195 ..., 188 186 192]]",eight
253,"[[182 184 185 ..., 181 179 177]
 [182 184 186 ..., 180 178 179]
 [182 183 183 ..., 175 172 170]
 ..., 
 [197 197 197 ..., 175 171 169]
 [195 194 192 ..., 169 165 166]
 [186 196 196 ..., 165 169 169]]",eight
254,"[[189 184 181 ..., 190 189 194]
 [190 189 183 ..., 187 186 192]
 [185 188 183 ..., 186 184 187]
 ..., 
 [194 191 191 ..., 197 199 189]
 [196 197 195 ..., 194 197 191]
 [199 200 198 ..., 190 193 195]]",eight
255,"[[186 183 181 ..., 200 199 196]
 [185 183 182 ..., 200 199 195]
 [186 185 185 ..., 202 201 197]
 ..., 
 [186 187 188 ..., 194 192 190]
 [188 189 191 ..., 189 192 194]
 [187 188 190 ..., 187 191 193]]",eight
256,"[[198 201 202 ..., 191 191 193]
 [198 200 201 ..., 191 188 191]
 [199 194 193 ..., 188 193 192]
 ..., 
 [189 190 191 ..., 189 192 190]
 [193 192 190 ..., 193 190 185]
 [192 191 191 ..., 193 195 190]]",eight
257,"[[192 189 188 ..., 187 192 195]
 [192 188 187 ..., 189 194 197]
 [191 188 189 ..., 187 191 191]
 ..., 
 [193 196 196 ..., 187 188 188]
 [193 196 195 ..., 192 192 192]
 [190 196 194 ..., 195 196 194]]",eight
258,"[[191 195 198 ..., 189 198 200]
 [192 191 190 ..., 195 199 194]
 [192 191 191 ..., 196 196 193]
 ..., 
 [203 199 194 ..., 193 193 192]
 [197 194 191 ..., 192 192 191]
 [196 195 194 ..., 192 191 190]]",eight
259,"[[197 198 197 ..., 190 195 196]
 [199 199 199 ..., 188 198 199]
 [197 199 199 ..., 190 196 198]
 ..., 
 [196 196 195 ..., 193 196 193]
 [197 195 193 ..., 193 196 194]
 [195 192 190 ..., 199 197 195]]",eight
260,"[[206 203 199 ..., 194 194 187]
 [207 201 199 ..., 195 198 188]
 [202 193 195 ..., 195 197 189]
 ..., 
 [182 179 182 ..., 188 185 183]
 [177 178 184 ..., 187 188 188]
 [183 183 186 ..., 188 189 190]]",eight
261,"[[198 197 195 ..., 188 187 188]
 [205 203 200 ..., 189 185 186]
 [204 203 200 ..., 191 184 185]
 ..., 
 [191 193 192 ..., 186 187 188]
 [190 192 187 ..., 184 185 187]
 [182 185 188 ..., 190 189 185]]",eight
262,"[[188 190 193 ..., 190 193 197]
 [187 191 192 ..., 190 192 194]
 [190 194 195 ..., 195 196 194]
 ..., 
 [190 191 192 ..., 185 190 192]
 [189 191 190 ..., 187 190 190]
 [188 189 188 ..., 188 187 186]]",eight
263,"[[181 177 176 ..., 183 181 185]
 [182 178 177 ..., 178 177 183]
 [185 180 179 ..., 172 173 180]
 ..., 
 [174 176 178 ..., 177 181 179]
 [176 178 179 ..., 164 179 176]
 [176 181 177 ..., 170 185 177]]",eight
264,"[[203 205 204 ..., 200 201 197]
 [203 205 204 ..., 199 200 196]
 [205 203 203 ..., 197 197 195]
 ..., 
 [189 186 189 ..., 197 198 194]
 [183 184 189 ..., 195 195 198]
 [183 187 192 ..., 192 193 199]]",eight
265,"[[192 194 195 ..., 187 187 188]
 [192 193 194 ..., 189 188 189]
 [193 194 195 ..., 193 193 192]
 ..., 
 [189 189 189 ..., 189 186 185]
 [191 191 192 ..., 189 186 183]
 [196 196 197 ..., 191 186 181]]",eight
266,"[[189 187 187 ..., 192 191 189]
 [191 189 187 ..., 200 197 191]
 [195 193 190 ..., 205 202 194]
 ..., 
 [193 194 193 ..., 186 187 188]
 [192 192 192 ..., 188 186 186]
 [191 191 192 ..., 188 183 184]]",eight
267,"[[198 196 193 ..., 202 200 202]
 [201 200 197 ..., 200 201 199]
 [202 205 203 ..., 199 201 199]
 ..., 
 [193 191 191 ..., 188 185 191]
 [196 191 191 ..., 191 188 187]
 [197 194 194 ..., 195 193 187]]",eight
268,"[[184 185 185 ..., 195 193 194]
 [186 186 184 ..., 194 192 193]
 [189 189 187 ..., 197 196 197]
 ..., 
 [186 185 187 ..., 192 190 190]
 [186 184 187 ..., 192 191 191]
 [182 181 183 ..., 195 193 193]]",eight
269,"[[195 197 198 ..., 195 195 195]
 [195 194 195 ..., 196 193 192]
 [191 189 190 ..., 198 195 193]
 ..., 
 [203 198 192 ..., 187 187 186]
 [195 194 192 ..., 192 192 191]
 [195 194 191 ..., 194 194 194]]",eight
270,"[[175 173 179 ..., 175 172 176]
 [183 180 183 ..., 169 171 178]
 [181 176 181 ..., 164 167 171]
 ..., 
 [177 179 188 ..., 156 158 157]
 [183 182 189 ..., 175 177 178]
 [186 184 189 ..., 175 177 178]]",eight
271,"[[194 193 192 ..., 184 187 188]
 [194 191 189 ..., 184 188 189]
 [191 196 197 ..., 188 188 188]
 ..., 
 [193 193 193 ..., 195 199 196]
 [189 193 200 ..., 188 194 201]
 [189 189 193 ..., 196 198 199]]",eight
272,"[[195 195 199 ..., 188 191 191]
 [192 192 196 ..., 186 189 187]
 [192 190 189 ..., 183 186 189]
 ..., 
 [199 199 201 ..., 188 190 193]
 [195 197 195 ..., 189 194 199]
 [200 199 193 ..., 195 197 197]]",eight
273,"[[194 197 198 ..., 192 194 191]
 [199 198 197 ..., 183 186 186]
 [199 198 197 ..., 184 186 186]
 ..., 
 [190 190 188 ..., 197 192 186]
 [193 192 191 ..., 196 194 190]
 [191 187 186 ..., 199 199 195]]",eight
274,"[[194 193 192 ..., 195 192 192]
 [190 187 192 ..., 192 192 190]
 [190 189 192 ..., 190 189 186]
 ..., 
 [190 187 185 ..., 193 195 197]
 [192 189 187 ..., 199 200 199]
 [193 191 188 ..., 191 195 196]]",eight
275,"[[190 195 194 ..., 197 196 194]
 [191 196 195 ..., 199 198 195]
 [191 194 191 ..., 199 199 194]
 ..., 
 [192 192 193 ..., 195 193 192]
 [192 192 193 ..., 193 192 192]
 [196 196 197 ..., 191 190 191]]",eight
276,"[[199 198 194 ..., 194 190 199]
 [196 197 193 ..., 198 196 196]
 [199 196 192 ..., 200 200 197]
 ..., 
 [197 195 200 ..., 203 203 205]
 [198 193 201 ..., 202 203 205]
 [198 195 200 ..., 203 205 203]]",eight
277,"[[188 191 190 ..., 195 198 196]
 [188 189 188 ..., 198 198 194]
 [188 190 190 ..., 201 199 195]
 ..., 
 [188 188 188 ..., 200 199 198]
 [191 192 191 ..., 198 198 198]
 [193 195 192 ..., 197 197 198]]",eight
278,"[[185 187 189 ..., 189 189 192]
 [193 191 193 ..., 190 190 191]
 [188 187 189 ..., 189 189 190]
 ..., 
 [189 193 196 ..., 188 190 195]
 [190 193 195 ..., 181 183 187]
 [192 193 195 ..., 183 185 188]]",eight
279,"[[193 191 192 ..., 186 187 192]
 [189 192 192 ..., 188 194 194]
 [188 192 193 ..., 189 194 194]
 ..., 
 [201 200 200 ..., 197 196 194]
 [202 201 201 ..., 197 197 196]
 [203 202 202 ..., 198 199 198]]",eight
280,"[[195 197 199 ..., 180 183 189]
 [199 198 198 ..., 187 186 188]
 [194 195 196 ..., 187 185 187]
 ..., 
 [184 182 180 ..., 180 182 177]
 [188 186 183 ..., 173 181 179]
 [187 187 186 ..., 171 179 180]]",eight
281,"[[195 194 195 ..., 201 202 204]
 [199 200 200 ..., 202 202 203]
 [202 204 203 ..., 201 200 199]
 ..., 
 [189 188 187 ..., 183 184 185]
 [188 187 189 ..., 191 193 192]
 [186 187 190 ..., 191 194 193]]",eight
282,"[[196 197 199 ..., 191 195 200]
 [194 195 198 ..., 191 195 200]
 [195 196 199 ..., 192 194 197]
 ..., 
 [196 194 195 ..., 203 203 203]
 [195 194 195 ..., 202 202 203]
 [199 199 197 ..., 199 200 202]]",eight
283,"[[191 190 194 ..., 203 202 197]
 [196 192 194 ..., 197 197 195]
 [197 193 192 ..., 193 194 194]
 ..., 
 [194 196 199 ..., 189 191 195]
 [199 201 204 ..., 188 190 193]
 [201 203 204 ..., 187 188 191]]",eight
284,"[[199 196 195 ..., 202 200 200]
 [202 201 200 ..., 204 202 204]
 [195 193 191 ..., 198 199 199]
 ..., 
 [198 193 187 ..., 196 190 191]
 [197 193 189 ..., 197 195 191]
 [197 195 194 ..., 198 196 194]]",eight
285,"[[201 199 198 ..., 202 200 202]
 [199 199 198 ..., 202 200 202]
 [197 199 201 ..., 200 198 201]
 ..., 
 [190 193 193 ..., 194 193 190]
 [191 194 194 ..., 196 194 191]
 [190 192 192 ..., 199 196 192]]",eight
286,"[[202 206 206 ..., 201 199 198]
 [202 207 206 ..., 198 195 193]
 [201 205 204 ..., 199 196 195]
 ..., 
 [190 189 190 ..., 193 190 185]
 [191 189 189 ..., 196 192 186]
 [192 190 189 ..., 198 193 187]]",eight
287,"[[196 196 197 ..., 195 203 203]
 [195 195 195 ..., 194 194 195]
 [200 200 200 ..., 193 193 194]
 ..., 
 [196 196 196 ..., 195 195 193]
 [198 197 196 ..., 192 188 190]
 [199 198 196 ..., 191 190 194]]",eight
288,"[[178 179 183 ..., 193 190 190]
 [182 184 187 ..., 192 187 187]
 [189 188 186 ..., 193 192 192]
 ..., 
 [183 184 187 ..., 191 193 200]
 [184 183 190 ..., 197 196 194]
 [183 184 188 ..., 196 197 197]]",eight
289,"[[194 195 196 ..., 202 199 198]
 [193 194 194 ..., 204 199 200]
 [200 200 199 ..., 203 199 200]
 ..., 
 [188 190 190 ..., 181 184 187]
 [190 194 194 ..., 181 186 186]
 [198 200 198 ..., 182 186 184]]",eight
290,"[[175 175 173 ..., 182 176 172]
 [176 177 176 ..., 183 177 171]
 [180 181 179 ..., 187 183 178]
 ..., 
 [202 201 205 ..., 202 203 205]
 [204 205 207 ..., 202 202 203]
 [207 209 209 ..., 203 203 204]]",eight
291,"[[169 168 168 ..., 171 164 166]
 [175 174 174 ..., 176 169 170]
 [185 184 183 ..., 185 176 176]
 ..., 
 [198 198 198 ..., 200 198 195]
 [198 197 196 ..., 196 199 197]
 [197 196 194 ..., 193 198 200]]",eight
292,"[[179 179 177 ..., 183 175 166]
 [175 177 178 ..., 179 173 169]
 [171 175 178 ..., 172 173 173]
 ..., 
 [208 205 199 ..., 182 186 191]
 [207 206 201 ..., 187 189 192]
 [207 207 204 ..., 190 189 189]]",eight
293,"[[182 176 173 ..., 170 172 173]
 [181 176 175 ..., 170 173 175]
 [182 180 181 ..., 176 179 181]
 ..., 
 [202 203 203 ..., 201 203 203]
 [200 201 202 ..., 199 201 201]
 [202 202 200 ..., 197 198 198]]",eight
294,"[[162 169 168 ..., 167 163 168]
 [167 174 170 ..., 173 169 171]
 [170 173 169 ..., 183 180 176]
 ..., 
 [199 199 196 ..., 198 196 196]
 [200 202 197 ..., 203 199 196]
 [199 202 197 ..., 205 201 198]]",eight
295,"[[181 180 177 ..., 175 180 184]
 [173 173 173 ..., 175 181 186]
 [167 168 171 ..., 176 182 185]
 ..., 
 [200 200 200 ..., 202 205 206]
 [200 201 201 ..., 202 205 206]
 [199 201 202 ..., 204 204 203]]",eight
296,"[[173 170 172 ..., 166 171 171]
 [171 168 168 ..., 162 168 174]
 [170 168 161 ..., 152 159 170]
 ..., 
 [193 198 192 ..., 194 193 193]
 [194 197 196 ..., 197 198 198]
 [195 195 200 ..., 201 202 203]]",eight
297,"[[168 169 166 ..., 174 171 175]
 [165 166 164 ..., 170 170 172]
 [165 166 165 ..., 165 163 166]
 ..., 
 [197 198 199 ..., 197 195 197]
 [199 199 199 ..., 191 194 196]
 [202 201 200 ..., 193 194 195]]",eight
298,"[[177 172 173 ..., 179 179 183]
 [181 174 171 ..., 183 184 182]
 [179 172 175 ..., 183 183 181]
 ..., 
 [179 179 179 ..., 198 199 199]
 [180 180 177 ..., 198 198 199]
 [182 181 176 ..., 197 198 198]]",eight
299,"[[176 180 181 ..., 179 177 178]
 [180 181 181 ..., 177 176 177]
 [182 180 178 ..., 177 173 173]
 ..., 
 [196 196 196 ..., 196 201 200]
 [195 195 196 ..., 195 199 199]
 [198 199 200 ..., 195 197 198]]",eight
300,"[[168 167 162 ..., 174 175 175]
 [162 170 167 ..., 177 173 174]
 [169 172 165 ..., 179 175 176]
 ..., 
 [170 166 164 ..., 173 171 167]
 [168 166 164 ..., 169 171 173]
 [171 172 171 ..., 167 172 180]]",one
301,"[[186 184 183 ..., 191 190 189]
 [185 186 187 ..., 186 185 184]
 [182 184 187 ..., 188 187 187]
 ..., 
 [182 180 177 ..., 192 193 191]
 [184 179 175 ..., 190 191 189]
 [184 183 180 ..., 185 188 189]]",one
302,"[[176 171 167 ..., 179 179 182]
 [170 168 167 ..., 173 174 178]
 [164 166 169 ..., 173 175 180]
 ..., 
 [173 172 173 ..., 177 176 176]
 [174 172 172 ..., 182 182 182]
 [178 175 174 ..., 186 186 186]]",one
303,"[[183 176 177 ..., 182 184 181]
 [185 177 178 ..., 180 193 188]
 [181 180 178 ..., 184 181 184]
 ..., 
 [176 176 176 ..., 175 182 182]
 [176 177 178 ..., 183 193 186]
 [178 178 179 ..., 177 183 182]]",one
304,"[[178 175 174 ..., 179 175 172]
 [180 176 176 ..., 178 173 173]
 [176 176 180 ..., 179 177 176]
 ..., 
 [187 183 178 ..., 170 170 175]
 [186 185 182 ..., 171 170 174]
 [185 187 186 ..., 172 172 176]]",one
305,"[[192 196 194 ..., 188 190 190]
 [191 194 192 ..., 187 188 187]
 [192 195 194 ..., 188 187 185]
 ..., 
 [183 179 180 ..., 187 186 187]
 [185 185 185 ..., 187 187 186]
 [186 189 190 ..., 190 190 185]]",one
306,"[[186 186 187 ..., 189 191 194]
 [187 188 185 ..., 191 191 192]
 [189 191 187 ..., 191 189 189]
 ..., 
 [189 190 193 ..., 189 188 186]
 [188 189 190 ..., 190 188 186]
 [193 194 188 ..., 193 190 188]]",one
307,"[[184 189 190 ..., 191 190 187]
 [183 187 187 ..., 189 187 189]
 [181 186 187 ..., 187 184 189]
 ..., 
 [192 188 187 ..., 182 183 181]
 [191 191 189 ..., 183 184 174]
 [187 192 190 ..., 182 184 184]]",one
308,"[[175 178 186 ..., 182 181 178]
 [177 179 185 ..., 186 185 183]
 [181 182 186 ..., 187 185 185]
 ..., 
 [188 190 191 ..., 195 189 182]
 [189 193 196 ..., 191 187 179]
 [188 193 198 ..., 188 187 181]]",one
309,"[[191 186 184 ..., 184 176 184]
 [187 185 184 ..., 187 183 187]
 [187 184 184 ..., 185 185 186]
 ..., 
 [183 187 188 ..., 168 172 179]
 [182 183 186 ..., 163 173 184]
 [182 178 184 ..., 158 173 184]]",one
310,"[[194 191 189 ..., 187 187 184]
 [196 191 185 ..., 182 187 184]
 [192 188 185 ..., 183 188 186]
 ..., 
 [187 187 187 ..., 187 189 192]
 [186 187 187 ..., 184 189 191]
 [188 188 188 ..., 182 188 189]]",one
311,"[[192 194 196 ..., 189 187 185]
 [191 193 193 ..., 185 184 183]
 [191 191 189 ..., 189 190 189]
 ..., 
 [180 175 169 ..., 177 177 178]
 [175 171 172 ..., 177 176 176]
 [169 169 174 ..., 179 178 178]]",one
312,"[[195 198 198 ..., 186 186 184]
 [190 192 194 ..., 190 189 185]
 [186 189 192 ..., 186 189 185]
 ..., 
 [193 190 186 ..., 193 190 188]
 [190 189 186 ..., 193 191 190]
 [186 187 186 ..., 192 193 192]]",one
313,"[[184 182 183 ..., 189 193 192]
 [190 188 187 ..., 187 193 193]
 [195 193 190 ..., 190 193 193]
 ..., 
 [172 165 165 ..., 176 175 172]
 [175 170 169 ..., 180 180 179]
 [175 172 170 ..., 181 184 185]]",one
314,"[[190 194 194 ..., 192 190 186]
 [190 196 198 ..., 193 192 188]
 [190 194 195 ..., 194 195 193]
 ..., 
 [183 182 185 ..., 193 191 184]
 [179 179 184 ..., 194 193 189]
 [166 169 179 ..., 190 190 189]]",one
315,"[[191 190 189 ..., 190 191 192]
 [188 189 189 ..., 190 191 192]
 [188 189 189 ..., 190 191 191]
 ..., 
 [184 184 184 ..., 183 183 186]
 [184 184 183 ..., 181 181 185]
 [180 180 180 ..., 180 180 185]]",one
316,"[[184 183 184 ..., 185 187 188]
 [184 181 180 ..., 181 185 189]
 [188 186 181 ..., 186 184 184]
 ..., 
 [176 174 172 ..., 179 179 180]
 [175 172 174 ..., 171 173 176]
 [178 176 179 ..., 173 175 177]]",one
317,"[[190 192 192 ..., 188 190 193]
 [191 193 194 ..., 187 190 195]
 [189 191 193 ..., 185 188 193]
 ..., 
 [190 189 188 ..., 189 191 191]
 [190 189 189 ..., 189 192 192]
 [190 190 189 ..., 187 190 192]]",one
318,"[[187 186 185 ..., 194 193 189]
 [190 190 190 ..., 196 196 194]
 [193 191 190 ..., 194 194 192]
 ..., 
 [197 198 196 ..., 179 182 184]
 [194 194 191 ..., 182 179 179]
 [188 188 185 ..., 185 179 178]]",one
319,"[[188 184 184 ..., 178 181 182]
 [186 179 179 ..., 166 164 170]
 [186 180 179 ..., 155 156 164]
 ..., 
 [185 182 184 ..., 175 176 175]
 [186 184 186 ..., 171 170 169]
 [190 189 189 ..., 170 168 166]]",one
320,"[[196 196 195 ..., 190 193 196]
 [200 197 194 ..., 189 192 196]
 [202 198 193 ..., 187 189 192]
 ..., 
 [195 194 194 ..., 191 189 188]
 [193 193 193 ..., 183 181 181]
 [192 193 194 ..., 180 177 177]]",one
321,"[[184 189 193 ..., 197 197 198]
 [192 193 194 ..., 198 194 194]
 [192 192 193 ..., 198 194 195]
 ..., 
 [192 195 198 ..., 188 190 190]
 [187 190 194 ..., 184 185 187]
 [184 188 191 ..., 182 183 186]]",one
322,"[[196 197 198 ..., 204 204 203]
 [192 193 194 ..., 204 203 202]
 [189 190 191 ..., 201 200 199]
 ..., 
 [187 185 183 ..., 191 189 188]
 [186 182 179 ..., 188 185 185]
 [185 180 177 ..., 189 186 186]]",one
323,"[[193 193 193 ..., 182 182 183]
 [195 195 194 ..., 185 184 185]
 [195 194 193 ..., 183 182 182]
 ..., 
 [183 183 186 ..., 192 192 190]
 [184 184 186 ..., 191 193 190]
 [185 186 185 ..., 189 188 191]]",one
324,"[[188 188 188 ..., 206 205 203]
 [192 192 192 ..., 206 204 201]
 [193 192 193 ..., 205 202 200]
 ..., 
 [191 191 189 ..., 184 185 185]
 [192 190 187 ..., 182 183 184]
 [190 189 185 ..., 180 182 183]]",one
325,"[[200 201 201 ..., 192 191 190]
 [201 202 201 ..., 195 194 194]
 [201 203 202 ..., 196 196 199]
 ..., 
 [174 175 175 ..., 179 181 181]
 [174 174 174 ..., 183 183 185]
 [173 173 174 ..., 187 185 188]]",one
326,"[[188 191 191 ..., 191 190 191]
 [186 187 186 ..., 187 186 187]
 [190 189 188 ..., 189 187 189]
 ..., 
 [193 195 195 ..., 188 190 186]
 [198 201 199 ..., 189 192 189]
 [192 190 192 ..., 189 188 190]]",one
327,"[[188 189 191 ..., 179 169 156]
 [188 188 188 ..., 180 170 159]
 [192 191 189 ..., 183 178 171]
 ..., 
 [184 185 187 ..., 190 188 188]
 [192 189 188 ..., 185 183 182]
 [192 189 190 ..., 180 178 179]]",one
328,"[[197 193 193 ..., 193 195 193]
 [198 193 189 ..., 190 192 191]
 [196 191 188 ..., 192 191 191]
 ..., 
 [188 190 191 ..., 187 187 185]
 [185 188 190 ..., 188 187 188]
 [184 187 190 ..., 187 188 190]]",one
329,"[[181 182 183 ..., 185 186 187]
 [182 181 181 ..., 189 190 192]
 [181 179 178 ..., 193 195 197]
 ..., 
 [190 191 194 ..., 196 198 200]
 [195 195 197 ..., 192 197 202]
 [198 197 191 ..., 194 192 190]]",one
330,"[[196 196 196 ..., 194 195 194]
 [193 195 197 ..., 191 192 192]
 [188 192 198 ..., 187 188 188]
 ..., 
 [198 198 197 ..., 194 194 193]
 [197 197 197 ..., 196 195 193]
 [198 198 199 ..., 198 197 196]]",one
331,"[[188 189 190 ..., 190 193 192]
 [189 184 186 ..., 191 195 192]
 [186 182 184 ..., 191 195 190]
 ..., 
 [189 195 197 ..., 188 187 185]
 [194 195 196 ..., 192 192 193]
 [196 193 195 ..., 193 192 195]]",one
332,"[[192 193 194 ..., 191 191 194]
 [191 191 192 ..., 191 190 194]
 [191 191 192 ..., 192 191 196]
 ..., 
 [194 197 197 ..., 196 192 191]
 [193 195 194 ..., 199 195 193]
 [191 193 193 ..., 201 199 194]]",one
333,"[[177 178 179 ..., 175 177 180]
 [178 180 181 ..., 177 178 177]
 [183 185 187 ..., 184 177 176]
 ..., 
 [190 188 187 ..., 193 183 183]
 [194 193 192 ..., 183 182 182]
 [189 191 193 ..., 182 182 183]]",one
334,"[[186 188 191 ..., 187 174 152]
 [193 193 192 ..., 190 179 161]
 [195 194 191 ..., 187 180 171]
 ..., 
 [200 199 197 ..., 190 192 192]
 [195 194 194 ..., 194 195 193]
 [191 190 192 ..., 195 196 193]]",one
335,"[[194 193 193 ..., 191 193 188]
 [192 192 192 ..., 190 192 192]
 [187 189 190 ..., 190 192 194]
 ..., 
 [197 197 197 ..., 193 193 193]
 [198 196 197 ..., 194 193 193]
 [200 197 198 ..., 194 193 193]]",one
336,"[[193 193 192 ..., 187 185 184]
 [192 189 188 ..., 188 184 184]
 [190 190 190 ..., 191 190 190]
 ..., 
 [192 192 193 ..., 197 198 199]
 [194 194 192 ..., 199 195 196]
 [195 196 194 ..., 202 199 199]]",one
337,"[[176 179 180 ..., 174 176 182]
 [179 183 184 ..., 176 178 182]
 [184 189 191 ..., 184 183 183]
 ..., 
 [191 195 198 ..., 195 193 190]
 [193 194 195 ..., 194 191 190]
 [194 193 193 ..., 193 191 190]]",one
338,"[[182 185 184 ..., 188 187 187]
 [185 186 184 ..., 193 194 195]
 [188 185 182 ..., 192 195 195]
 ..., 
 [188 184 181 ..., 191 190 188]
 [193 187 184 ..., 192 191 188]
 [186 185 186 ..., 192 194 194]]",one
339,"[[193 193 193 ..., 186 187 187]
 [190 194 196 ..., 179 182 184]
 [192 195 198 ..., 180 183 185]
 ..., 
 [196 197 197 ..., 188 184 184]
 [194 194 195 ..., 191 189 188]
 [191 191 192 ..., 196 195 193]]",one
340,"[[194 194 195 ..., 158 163 177]
 [192 193 193 ..., 170 173 182]
 [190 191 192 ..., 181 182 182]
 ..., 
 [199 197 195 ..., 192 190 188]
 [199 199 199 ..., 190 187 186]
 [196 199 201 ..., 189 186 186]]",one
341,"[[179 172 172 ..., 186 185 184]
 [175 166 167 ..., 182 179 178]
 [168 171 173 ..., 174 177 179]
 ..., 
 [199 198 197 ..., 191 191 197]
 [200 198 193 ..., 192 196 199]
 [199 197 194 ..., 194 197 200]]",one
342,"[[191 190 189 ..., 190 192 192]
 [191 189 188 ..., 191 193 193]
 [194 193 192 ..., 190 191 191]
 ..., 
 [191 190 191 ..., 196 196 194]
 [191 192 193 ..., 196 195 194]
 [193 194 194 ..., 194 195 195]]",one
343,"[[176 175 176 ..., 185 185 185]
 [180 179 179 ..., 186 186 184]
 [185 186 185 ..., 177 174 171]
 ..., 
 [191 190 190 ..., 179 176 176]
 [188 186 186 ..., 180 177 179]
 [186 184 183 ..., 180 178 182]]",one
344,"[[187 188 188 ..., 187 182 180]
 [193 193 192 ..., 187 182 180]
 [195 194 192 ..., 186 181 179]
 ..., 
 [195 193 193 ..., 195 194 193]
 [193 194 194 ..., 193 194 193]
 [194 194 194 ..., 192 193 191]]",one
345,"[[190 189 188 ..., 195 199 199]
 [188 186 187 ..., 193 198 200]
 [187 186 188 ..., 188 193 196]
 ..., 
 [193 195 194 ..., 191 192 191]
 [191 194 193 ..., 189 189 188]
 [193 197 196 ..., 184 188 190]]",one
346,"[[177 183 184 ..., 171 176 166]
 [187 185 186 ..., 176 181 170]
 [190 185 185 ..., 179 182 178]
 ..., 
 [195 193 193 ..., 192 192 193]
 [193 192 192 ..., 192 192 196]
 [190 190 190 ..., 192 192 196]]",one
347,"[[185 182 182 ..., 171 169 164]
 [183 179 179 ..., 178 180 173]
 [181 182 184 ..., 181 173 167]
 ..., 
 [193 197 198 ..., 200 196 195]
 [191 192 194 ..., 193 196 195]
 [192 192 193 ..., 193 194 194]]",one
348,"[[187 186 182 ..., 189 190 189]
 [185 186 184 ..., 186 188 191]
 [186 189 187 ..., 179 183 188]
 ..., 
 [184 184 181 ..., 196 189 186]
 [184 186 185 ..., 195 192 190]
 [186 187 185 ..., 189 189 191]]",one
349,"[[182 180 178 ..., 183 183 184]
 [185 184 182 ..., 188 190 192]
 [183 183 182 ..., 190 193 195]
 ..., 
 [188 189 191 ..., 189 190 191]
 [193 194 195 ..., 192 192 192]
 [192 192 194 ..., 194 194 193]]",one
350,"[[191 191 196 ..., 193 192 190]
 [193 194 199 ..., 192 191 189]
 [191 193 198 ..., 188 188 188]
 ..., 
 [202 200 204 ..., 190 190 190]
 [200 201 207 ..., 192 191 189]
 [197 200 204 ..., 191 191 190]]",seven
351,"[[187 187 190 ..., 189 189 187]
 [191 193 197 ..., 190 191 190]
 [194 197 201 ..., 193 193 192]
 ..., 
 [188 188 188 ..., 184 180 176]
 [185 185 186 ..., 186 182 178]
 [183 184 185 ..., 187 183 180]]",seven
352,"[[181 186 187 ..., 191 193 194]
 [182 187 186 ..., 194 195 195]
 [184 187 187 ..., 195 194 192]
 ..., 
 [188 189 190 ..., 190 190 190]
 [190 191 190 ..., 191 193 193]
 [188 190 189 ..., 194 196 197]]",seven
353,"[[187 187 184 ..., 187 180 174]
 [186 187 184 ..., 191 186 181]
 [186 187 182 ..., 193 191 187]
 ..., 
 [186 187 181 ..., 185 185 185]
 [184 185 178 ..., 183 184 184]
 [189 189 185 ..., 187 182 179]]",seven
354,"[[193 193 196 ..., 202 198 200]
 [194 198 199 ..., 196 196 197]
 [193 199 198 ..., 191 194 194]
 ..., 
 [181 179 179 ..., 194 190 189]
 [184 183 182 ..., 199 194 193]
 [188 186 186 ..., 197 193 192]]",seven
355,"[[192 189 187 ..., 195 197 198]
 [193 192 190 ..., 193 194 194]
 [194 194 192 ..., 192 193 192]
 ..., 
 [200 197 196 ..., 206 206 205]
 [201 198 196 ..., 205 207 207]
 [201 197 195 ..., 197 203 206]]",seven
356,"[[189 190 189 ..., 197 194 197]
 [192 192 192 ..., 197 195 198]
 [192 192 192 ..., 199 195 199]
 ..., 
 [191 189 189 ..., 189 187 186]
 [189 193 194 ..., 194 192 190]
 [187 196 197 ..., 193 192 190]]",seven
357,"[[170 169 168 ..., 187 190 195]
 [166 168 169 ..., 186 186 188]
 [163 165 171 ..., 191 192 193]
 ..., 
 [179 184 187 ..., 202 201 196]
 [184 188 186 ..., 195 194 193]
 [187 186 182 ..., 195 193 191]]",seven
358,"[[191 188 193 ..., 182 183 184]
 [189 186 193 ..., 184 185 186]
 [191 189 192 ..., 188 189 190]
 ..., 
 [184 187 187 ..., 184 183 181]
 [184 188 185 ..., 183 181 179]
 [185 188 183 ..., 182 181 179]]",seven
359,"[[166 164 157 ..., 173 168 167]
 [165 164 158 ..., 180 176 177]
 [169 168 162 ..., 189 184 183]
 ..., 
 [192 194 194 ..., 194 190 187]
 [192 192 191 ..., 189 188 187]
 [184 185 185 ..., 185 185 188]]",seven
360,"[[188 189 191 ..., 194 192 192]
 [190 191 193 ..., 194 193 193]
 [191 192 194 ..., 190 190 191]
 ..., 
 [182 187 189 ..., 187 187 188]
 [181 188 191 ..., 186 186 188]
 [181 189 193 ..., 190 190 191]]",seven
361,"[[175 177 181 ..., 179 183 181]
 [187 187 190 ..., 180 180 177]
 [197 195 198 ..., 179 175 172]
 ..., 
 [188 189 190 ..., 182 186 188]
 [191 192 193 ..., 181 186 189]
 [193 194 194 ..., 187 184 183]]",seven
362,"[[190 189 191 ..., 187 188 189]
 [196 194 194 ..., 187 185 184]
 [197 195 196 ..., 189 184 183]
 ..., 
 [191 194 192 ..., 200 201 201]
 [188 191 190 ..., 201 202 202]
 [187 188 188 ..., 198 198 198]]",seven
363,"[[198 197 199 ..., 191 189 187]
 [193 194 197 ..., 190 188 186]
 [188 192 197 ..., 181 180 179]
 ..., 
 [194 192 194 ..., 185 180 179]
 [194 192 194 ..., 190 186 185]
 [191 189 192 ..., 195 191 190]]",seven
364,"[[180 178 179 ..., 199 190 195]
 [184 183 181 ..., 196 190 190]
 [183 183 183 ..., 196 192 190]
 ..., 
 [185 187 188 ..., 185 187 184]
 [189 189 188 ..., 192 186 182]
 [189 187 184 ..., 194 186 182]]",seven
365,"[[188 185 186 ..., 191 190 192]
 [186 186 186 ..., 191 193 192]
 [186 188 187 ..., 191 195 191]
 ..., 
 [195 198 195 ..., 198 201 197]
 [194 193 191 ..., 198 200 198]
 [187 188 192 ..., 197 202 193]]",seven
366,"[[192 189 188 ..., 183 189 192]
 [188 186 187 ..., 180 190 194]
 [187 179 179 ..., 193 191 189]
 ..., 
 [195 197 193 ..., 191 193 196]
 [186 187 188 ..., 202 197 195]
 [195 195 194 ..., 204 199 197]]",seven
367,"[[195 195 192 ..., 194 196 195]
 [195 195 191 ..., 194 197 197]
 [195 195 191 ..., 190 194 195]
 ..., 
 [184 184 189 ..., 179 184 183]
 [183 182 188 ..., 174 179 179]
 [184 185 188 ..., 175 178 181]]",seven
368,"[[190 193 192 ..., 202 199 197]
 [190 191 189 ..., 204 202 201]
 [193 193 190 ..., 206 205 204]
 ..., 
 [187 185 185 ..., 192 192 191]
 [186 182 183 ..., 188 188 187]
 [187 182 183 ..., 185 185 184]]",seven
369,"[[186 184 179 ..., 191 191 191]
 [189 190 185 ..., 190 190 190]
 [190 192 188 ..., 191 191 191]
 ..., 
 [177 178 175 ..., 196 194 191]
 [177 178 175 ..., 191 191 192]
 [180 182 172 ..., 187 191 197]]",seven
370,"[[199 198 197 ..., 188 193 193]
 [196 196 195 ..., 192 193 192]
 [197 197 197 ..., 194 191 189]
 ..., 
 [187 187 188 ..., 187 191 191]
 [188 189 190 ..., 192 190 190]
 [187 190 192 ..., 195 193 192]]",seven
371,"[[199 199 196 ..., 198 193 193]
 [196 197 195 ..., 198 195 195]
 [193 196 196 ..., 198 196 196]
 ..., 
 [196 192 190 ..., 202 202 199]
 [199 196 192 ..., 199 199 197]
 [202 200 196 ..., 196 194 191]]",seven
372,"[[192 196 195 ..., 205 201 196]
 [191 193 195 ..., 200 192 194]
 [194 195 197 ..., 198 195 197]
 ..., 
 [191 195 195 ..., 191 188 189]
 [193 196 196 ..., 193 196 196]
 [196 198 196 ..., 194 195 194]]",seven
373,"[[186 186 186 ..., 175 177 180]
 [185 184 183 ..., 175 177 180]
 [191 189 188 ..., 180 181 185]
 ..., 
 [193 192 187 ..., 176 178 180]
 [204 202 197 ..., 179 182 179]
 [202 203 201 ..., 177 181 180]]",seven
374,"[[189 195 195 ..., 188 189 194]
 [188 191 192 ..., 190 190 190]
 [190 188 191 ..., 188 188 187]
 ..., 
 [189 192 192 ..., 196 199 200]
 [183 187 187 ..., 191 196 196]
 [182 186 186 ..., 191 195 195]]",seven
375,"[[197 194 191 ..., 190 189 190]
 [194 193 192 ..., 189 188 189]
 [190 190 190 ..., 188 188 190]
 ..., 
 [188 192 195 ..., 194 192 191]
 [185 188 191 ..., 194 190 190]
 [185 188 190 ..., 189 186 187]]",seven
376,"[[208 206 206 ..., 201 199 196]
 [207 209 208 ..., 202 202 198]
 [207 212 209 ..., 205 205 202]
 ..., 
 [195 198 197 ..., 189 192 193]
 [192 196 191 ..., 192 195 197]
 [190 191 186 ..., 195 199 201]]",seven
377,"[[205 206 203 ..., 200 200 202]
 [207 205 201 ..., 201 201 199]
 [204 195 191 ..., 202 203 202]
 ..., 
 [189 189 190 ..., 194 197 197]
 [190 186 191 ..., 195 191 204]
 [187 185 190 ..., 195 194 202]]",seven
378,"[[200 199 202 ..., 214 212 213]
 [201 201 205 ..., 216 213 212]
 [205 202 204 ..., 214 213 211]
 ..., 
 [190 190 189 ..., 192 194 194]
 [196 193 190 ..., 191 197 196]
 [196 193 191 ..., 191 193 193]]",seven
379,"[[196 199 202 ..., 212 211 213]
 [201 202 202 ..., 212 210 211]
 [202 204 203 ..., 211 208 209]
 ..., 
 [183 183 186 ..., 185 184 187]
 [187 190 182 ..., 196 192 192]
 [187 192 185 ..., 194 191 192]]",seven
380,"[[203 200 197 ..., 196 196 197]
 [199 200 197 ..., 193 192 197]
 [193 199 197 ..., 197 195 198]
 ..., 
 [195 196 195 ..., 201 200 197]
 [196 189 191 ..., 203 202 203]
 [191 193 193 ..., 200 201 194]]",seven
381,"[[195 194 191 ..., 200 200 201]
 [192 191 188 ..., 204 202 204]
 [189 189 187 ..., 206 200 202]
 ..., 
 [199 200 201 ..., 194 193 193]
 [200 201 202 ..., 191 190 192]
 [206 206 202 ..., 188 193 192]]",seven
382,"[[189 191 184 ..., 187 188 188]
 [188 187 187 ..., 190 192 190]
 [187 186 187 ..., 192 193 190]
 ..., 
 [193 192 192 ..., 198 197 195]
 [193 192 191 ..., 198 196 194]
 [193 191 191 ..., 198 196 194]]",seven
383,"[[204 204 204 ..., 194 198 200]
 [203 200 199 ..., 190 192 193]
 [202 198 195 ..., 188 189 189]
 ..., 
 [199 201 203 ..., 190 187 187]
 [198 199 200 ..., 190 190 191]
 [199 199 198 ..., 189 191 193]]",seven
384,"[[187 186 185 ..., 191 187 185]
 [187 184 182 ..., 193 189 187]
 [193 189 186 ..., 195 191 189]
 ..., 
 [198 199 201 ..., 199 201 201]
 [198 196 196 ..., 199 197 198]
 [199 194 190 ..., 199 194 197]]",seven
385,"[[192 196 200 ..., 191 192 193]
 [195 198 198 ..., 196 195 195]
 [189 191 191 ..., 196 196 196]
 ..., 
 [192 196 201 ..., 186 187 187]
 [191 196 200 ..., 186 187 188]
 [192 195 199 ..., 190 190 192]]",seven
386,"[[192 193 194 ..., 180 181 182]
 [192 193 194 ..., 178 179 180]
 [191 192 193 ..., 183 183 184]
 ..., 
 [208 211 213 ..., 200 200 200]
 [204 206 207 ..., 199 199 199]
 [207 206 204 ..., 197 197 197]]",seven
387,"[[180 183 186 ..., 186 179 181]
 [185 187 190 ..., 188 183 184]
 [193 194 195 ..., 190 187 186]
 ..., 
 [195 195 194 ..., 197 192 194]
 [194 195 195 ..., 193 188 191]
 [191 192 193 ..., 188 184 188]]",seven
388,"[[187 188 189 ..., 192 192 190]
 [191 190 189 ..., 195 194 192]
 [192 190 187 ..., 196 195 193]
 ..., 
 [203 205 208 ..., 220 217 212]
 [207 207 208 ..., 218 216 212]
 [208 208 206 ..., 215 213 212]]",seven
389,"[[178 180 179 ..., 183 183 184]
 [178 180 182 ..., 182 182 185]
 [178 179 179 ..., 188 189 191]
 ..., 
 [197 199 201 ..., 211 212 214]
 [197 199 200 ..., 214 214 215]
 [198 199 200 ..., 214 213 215]]",seven
390,"[[188 188 188 ..., 183 179 176]
 [185 185 186 ..., 191 186 184]
 [188 189 189 ..., 194 192 190]
 ..., 
 [184 183 186 ..., 206 209 210]
 [186 187 189 ..., 203 205 206]
 [193 194 196 ..., 205 205 205]]",seven
391,"[[180 183 189 ..., 186 181 176]
 [176 178 185 ..., 186 179 173]
 [176 176 183 ..., 187 179 172]
 ..., 
 [191 191 194 ..., 198 197 196]
 [194 194 201 ..., 196 194 193]
 [197 197 203 ..., 193 191 189]]",seven
392,"[[182 177 177 ..., 179 177 177]
 [181 178 178 ..., 178 178 179]
 [176 178 179 ..., 179 180 183]
 ..., 
 [185 182 183 ..., 196 200 200]
 [188 182 183 ..., 201 203 200]
 [187 180 182 ..., 200 199 200]]",seven
393,"[[165 165 172 ..., 174 171 168]
 [166 166 164 ..., 180 177 173]
 [166 166 171 ..., 182 178 174]
 ..., 
 [202 203 208 ..., 200 197 193]
 [201 201 208 ..., 198 196 191]
 [204 204 206 ..., 196 195 192]]",seven
394,"[[168 166 166 ..., 182 186 186]
 [165 164 164 ..., 182 184 184]
 [163 162 164 ..., 182 181 182]
 ..., 
 [183 188 194 ..., 190 186 187]
 [187 192 198 ..., 191 184 185]
 [196 191 188 ..., 187 187 187]]",seven
395,"[[166 172 178 ..., 168 164 164]
 [168 173 176 ..., 164 161 160]
 [165 170 174 ..., 159 160 162]
 ..., 
 [192 196 200 ..., 191 192 193]
 [195 198 198 ..., 196 195 195]
 [189 191 191 ..., 196 196 196]]",seven
396,"[[184 178 171 ..., 179 181 179]
 [189 177 172 ..., 178 180 180]
 [184 177 173 ..., 179 179 175]
 ..., 
 [191 185 189 ..., 185 192 186]
 [188 189 186 ..., 183 186 181]
 [184 192 189 ..., 182 184 180]]",seven
397,"[[183 183 182 ..., 183 184 182]
 [187 185 184 ..., 183 184 182]
 [190 187 186 ..., 183 184 182]
 ..., 
 [195 192 187 ..., 191 190 187]
 [194 192 189 ..., 190 189 186]
 [191 191 191 ..., 188 187 184]]",seven
398,"[[192 191 190 ..., 180 179 182]
 [194 193 190 ..., 173 176 180]
 [193 193 192 ..., 177 181 174]
 ..., 
 [187 187 188 ..., 187 185 184]
 [179 181 185 ..., 195 191 189]
 [182 183 184 ..., 193 189 187]]",seven
399,"[[181 184 182 ..., 186 182 181]
 [179 182 181 ..., 185 185 184]
 [176 180 179 ..., 185 187 186]
 ..., 
 [186 187 186 ..., 193 195 196]
 [183 184 182 ..., 193 195 197]
 [179 179 179 ..., 192 194 195]]",seven
